HCPCS Code,Rate
A4206,$0.15
A4207,$0.18
A4208,$0.15
A4209,$0.15
A4210,$1.28
A4211,$0.20
A4212,$6.80
A4213,$0.31
A4215,$0.14
A4216,$0.25
A4217,$1.74
A4217AU,$1.05
A4218,$0.37
A4220,$4.00
A4221,$13.12
A4222,$27.09
A4223,$32.70
A4224,$10.67
A4225,$1.43
A4226,$12.80
A4230,$8.75
A4231,$4.04
A4232,$2.41
A4233NU,$0.34
A4234NU,$1.56
A4235NU,$0.66
A4236NU,$0.77
A4238,$268.76
A4238NU,$268.76
A4239,$255.01
A4239NU,$255.01
A4239RR,$19.62
A4239UE,$191.26
A4244,$2.13
A4245,$2.71
A4246,$6.59
A4247,$3.61
A4248,$1.38
A4250,$15.21
A4252,$3.15
A4253,$8.32
A4253NU,$8.32
A4255,$2.35
A4256,$2.23
A4257,$7.65
A4258,$1.40
A4259,$1.42
A4261,$17.43
A4261NU,$17.43
A4261RR,$1.34
A4261UE,$13.07
A4265,$2.14
A4266,$22.05
A4266RR,$1.70
A4266UE,$16.54
A4267,$0.41
A4267NU,$0.41
A4267RR,$0.03
A4267UE,$0.31
A4268,$2.67
A4268RR,$0.21
A4268UE,$2.00
A4269,$10.05
A4269NU,$10.05
A4269RR,$0.77
A4269UE,$7.54
A4271,$65.25
A4271NU,$65.25
A4271RR,$5.02
A4271UE,$48.94
A4280,$3.54
A4281,$3.20
A4282,$9.35
A4283,$1.35
A4284,$4.25
A4285,$4.25
A4286,$3.19
A4287,$0.33
A4287NU,$0.33
A4287RR,$0.03
A4287UE,$0.25
A4305NU,$7.35
A4306NU,$7.35
A4310,$4.63
A4311,$9.35
A4312,$10.73
A4313,$11.11
A4314,$15.93
A4315,$16.63
A4316,$17.89
A4320,$3.33
A4321,$8.10
A4322,$1.88
A4326,$6.80
A4327,$28.11
A4328,$5.68
A4330,$4.15
A4331,$2.13
A4332,$0.08
A4333,$1.39
A4334,$3.11
A4336,$0.83
A4337,$1.59
A4338,$7.72
A4340,$17.22
A4341,$243.38
A4341RR,$18.72
A4341UE,$182.54
A4342,$614.52
A4342RR,$47.27
A4342UE,$460.89
A4344,$10.09
A4346,$11.75
A4349,$1.27
A4351,$1.02
A4352,$3.44
A4353,$4.20
A4354,$7.43
A4355,$5.35
A4356,$27.15
A4357,$6.52
A4358,$4.00
A4360,$0.28
A4361,$10.93
A4362,$2.42
A4363,$1.41
A4364,$1.87
A4366,$0.91
A4367,$4.79
A4368,$0.18
A4369,$1.75
A4371,$2.56
A4372,$2.93
A4373,$4.40
A4375,$12.03
A4376,$33.31
A4377,$3.00
A4378,$21.53
A4379,$10.51
A4380,$26.13
A4381,$3.23
A4382,$17.23
A4383,$19.73
A4384,$6.73
A4385,$3.57
A4387,$1.41
A4388,$3.05
A4389,$4.35
A4390,$6.73
A4391,$4.95
A4392,$5.73
A4393,$6.33
A4394,$1.81
A4395,$0.03
A4396,$28.34
A4397,$2.97
A4398,$9.67
A4399,$7.82
A4400,$29.08
A4402,$1.20
A4404,$1.18
A4405,$2.38
A4406,$4.02
A4407,$6.13
A4408,$6.91
A4409,$4.35
A4410,$6.33
A4411,$3.57
A4412,$1.89
A4413,$3.85
A4414,$3.45
A4415,$4.20
A4416,$1.93
A4417,$2.60
A4418,$1.27
A4419,$1.22
A4420,$1.75
A4422,$0.08
A4423,$1.30
A4424,$3.33
A4425,$2.51
A4426,$1.91
A4427,$1.95
A4428,$4.56
A4429,$5.78
A4430,$5.96
A4431,$4.35
A4432,$2.51
A4433,$2.34
A4434,$2.63
A4435,$4.07
A4436,$14.47
A4436NU,$14.47
A4436RR,$1.45
A4436UE,$10.85
A4437,$14.47
A4437NU,$14.47
A4437RR,$1.45
A4437UE,$10.85
A4438,$1.88
A4438NU,$1.88
A4438RR,$0.14
A4438UE,$1.41
A4450,$0.06
A4450AU,$0.06
A4450AV,$0.06
A4450AW,$0.07
A4452,$0.24
A4452AU,$0.24
A4452AV,$0.24
A4452AW,$0.26
A4453,$23.69
A4453NU,$23.69
A4453RR,$2.37
A4453UE,$17.77
A4455,$0.85
A4456,$0.16
A4457,$2.02
A4457NU,$2.02
A4457RR,$0.16
A4458,$2.38
A4459,"$1,600.00"
A4461,$2.07
A4463,$7.98
A4465,$8.50
A4467,$47.00
A4467NU,$47.00
A4467RR,$3.62
A4467UE,$35.25
A4470,$3.42
A4480,$3.90
A4481,$0.24
A4483,$4.50
A4490,$18.79
A4495,$15.90
A4500,$14.45
A4510,$18.06
A4520,$0.54
A4540,$36.88
A4540NU,$36.88
A4540RR,$27.66
A4541,$10.43
A4541NU,$10.43
A4541RR,$0.80
A4542,$373.64
A4542NU,$373.64
A4542RR,$28.74
A4542UE,$280.23
A4544,$4.55
A4544NU,$4.55
A4544RR,$0.35
A4544UE,$3.41
A4545,$28.95
A4545NU,$28.95
A4545RR,$2.23
A4545UE,$21.71
A4550,$19.30
A4553,$0.20
A4554,$0.17
A4555,$20.17
A4556,$8.99
A4557,$6.67
A4558,$3.24
A4559,$0.06
A4561,$12.46
A4562,$31.06
A4563NU,$83.47
A4563RR,$8.35
A4563UE,$62.60
A4564,$62.05
A4564NU,$62.05
A4564RR,$4.77
A4564UE,$46.54
A4565,$4.25
A4570,$16.20
A4575,$2.00
A4580,$5.26
A4580NU,$5.26
A4580RR,$0.40
A4580UE,$3.95
A4590,$14.66
A4590NU,$14.66
A4590RR,$1.13
A4590UE,$11.00
A4595,$6.55
A4600,$21.25
A4601,$150.28
A4602NU,$2.59
A4604NU,$38.51
A4605NU,$10.92
A4606,$17.06
A4606NU,$17.06
A4608,$36.05
A4611NU,$116.89
A4611RR,$8.99
A4612NU,$49.56
A4612RR,$3.81
A4613NU,$86.53
A4613RR,$6.66
A4614,$16.65
A4615,$0.48
A4616,$0.05
A4617,$2.07
A4618NU,$5.29
A4618RR,$0.41
A4618UE,$4.05
A4619,$0.73
A4620,$0.41
A4623,$3.90
A4624NU,$1.57
A4625,$4.12
A4626,$2.25
A4627,$8.08
A4627NU,$8.08
A4628NU,$2.51
A4629,$3.24
A4630NU,$3.47
A4633NU,$29.28
A4634,$12.62
A4635NU,$3.73
A4635RR,$0.29
A4635UE,$2.26
A4636NU,$1.98
A4636RR,$0.15
A4636UE,$0.74
A4637NU,$1.34
A4637RR,$0.10
A4637UE,$0.41
A4638NU,$5.42
A4638RR,$0.42
A4638UE,$4.07
A4639NU,$192.06
A4639RR,$14.77
A4640NU,$42.34
A4640RR,$3.26
A4640UE,$31.76
A4650,$20.00
A4651,$30.00
A4652,$30.00
A4657,$0.21
A4660,$26.04
A4663,$4.25
A4670,$63.75
A4719,$5.00
A4719NU,$5.00
A4719RR,$0.38
A4719UE,$3.75
A4927,$4.25
A4930,$0.34
A5051,$1.45
A5052,$1.04
A5053,$1.15
A5054,$1.25
A5055,$0.99
A5056,$3.28
A5057,$6.76
A5061,$2.38
A5062,$1.55
A5063,$1.89
A5071,$4.03
A5072,$2.46
A5073,$2.13
A5081,$2.31
A5082,$7.08
A5083,$0.37
A5093,$1.25
A5102,$16.82
A5105,$28.53
A5112,$21.47
A5113,$2.80
A5114,$6.26
A5120,$0.17
A5120AU,$0.15
A5120AV,$0.17
A5121,$4.44
A5122,$7.97
A5126,$0.78
A5131,$10.11
A5200,$7.91
A5500,$56.42
A5501,$169.25
A5503,$27.58
A5504,$27.58
A5505,$27.58
A5506,$27.58
A5507,$27.58
A5512,$23.02
A5513,$34.36
A5514KX,$27.05
A5514NU,$30.75
A5514RR,$3.08
A5514UE,$23.06
A6010,$19.20
A6011,$1.37
A6021,$13.03
A6022,$13.03
A6023,$114.18
A6024,$3.84
A6025,$4.78
A6154,$8.90
A6196,$4.56
A6197,$10.19
A6198,$12.46
A6199,$3.28
A6203,$2.08
A6204,$3.86
A6205,$4.40
A6206,$2.78
A6207,$4.55
A6208,$5.56
A6209,$4.64
A6210,$12.35
A6211,$18.21
A6212,$6.01
A6213,$7.35
A6214,$6.38
A6215,$0.83
A6216,$0.03
A6217,$0.39
A6218,$0.33
A6219,$0.59
A6220,$1.60
A6221,$2.20
A6222,$1.32
A6223,$1.50
A6224,$2.24
A6228,$2.37
A6229,$2.24
A6230,$3.64
A6231,$2.90
A6232,$4.27
A6233,$11.90
A6234,$4.05
A6235,$10.43
A6236,$16.90
A6237,$4.90
A6238,$14.13
A6239,$23.00
A6240,$7.59
A6241,$1.54
A6242,$3.76
A6243,$7.63
A6244,$23.57
A6245,$4.36
A6246,$5.95
A6247,$14.27
A6248,$10.97
A6250,$5.57
A6251,$1.23
A6252,$2.02
A6253,$3.93
A6254,$0.75
A6255,$1.88
A6256,$2.30
A6257,$0.92
A6258,$2.67
A6259,$6.78
A6260,$7.49
A6266,$1.19
A6402,$0.07
A6403,$0.27
A6404,$6.38
A6407,$1.17
A6410,$0.23
A6411,$1.70
A6412,$0.26
A6413,$0.06
A6441,$0.42
A6442,$0.11
A6443,$0.18
A6444,$0.38
A6445,$0.20
A6446,$0.25
A6447,$0.42
A6448,$0.72
A6449,$1.09
A6450,$1.10
A6451,$1.10
A6452,$3.66
A6453,$0.38
A6454,$0.48
A6455,$0.86
A6456,$0.79
A6457,$0.71
A6460NU,$43.92
A6460RR,$4.39
A6460UE,$32.94
A6461NU,$729.62
A6461RR,$72.96
A6461UE,$547.22
A6501,$376.00
A6502,$95.00
A6503,$170.00
A6504,$150.00
A6505,$187.00
A6506,$218.00
A6507,$98.00
A6508,$120.00
A6509,$300.00
A6510,$285.00
A6511,$168.00
A6513,$350.00
A6520,$89.66
A6520RR,$6.90
A6520UE,$67.25
A6521,$355.75
A6521RR,$27.37
A6521UE,$266.81
A6522,$217.85
A6522RR,$16.76
A6522UE,$163.39
A6523,$516.88
A6523RR,$39.76
A6523UE,$387.66
A6524,$271.79
A6524RR,$20.91
A6524UE,$203.84
A6525,$548.70
A6525RR,$42.21
A6525UE,$411.53
A6526,$491.39
A6526RR,$37.80
A6526UE,$368.54
A6527,$903.60
A6527RR,$69.51
A6527UE,$677.70
A6528,$472.50
A6528RR,$36.35
A6528UE,$354.38
A6529,$746.63
A6529RR,$57.43
A6529UE,$559.97
A6530,$34.24
A6531,$50.00
A6531AW,$31.09
A6532,$52.00
A6532AW,$43.80
A6533,$48.08
A6534,$54.90
A6535,$63.21
A6536,$64.81
A6537,$85.00
A6538,$85.00
A6539,$89.00
A6540,$90.00
A6541,$130.00
A6544,$25.00
A6545,$39.17
A6545AW,$61.21
A6550,$24.68
A6552,$41.11
A6552RR,$3.16
A6552UE,$30.83
A6553,$160.51
A6553RR,$12.35
A6553UE,$120.38
A6554,$56.52
A6554RR,$4.35
A6554UE,$42.39
A6555,$160.51
A6555RR,$12.35
A6555UE,$120.38
A6556,$219.97
A6556RR,$16.92
A6556UE,$164.98
A6557,$219.97
A6557RR,$16.92
A6557UE,$164.98
A6558,$227.00
A6558RR,$17.46
A6558UE,$170.25
A6562,$719.91
A6562RR,$55.38
A6562UE,$539.93
A6563,$719.91
A6563RR,$55.38
A6563UE,$539.93
A6564,$775.50
A6564RR,$59.65
A6564UE,$581.63
A6565,$124.40
A6565RR,$9.57
A6565UE,$93.30
A6566,$180.62
A6566RR,$13.89
A6566UE,$135.47
A6567,$567.51
A6567RR,$43.65
A6567UE,$425.63
A6568,$117.88
A6568RR,$9.07
A6568UE,$88.41
A6569,$671.25
A6569RR,$51.63
A6569UE,$503.44
A6570,$80.32
A6570RR,$6.18
A6570UE,$60.24
A6571,$482.72
A6571RR,$37.13
A6571UE,$362.04
A6572,$74.53
A6572RR,$5.73
A6572UE,$55.90
A6573,$176.85
A6573RR,$13.60
A6573UE,$132.64
A6574,$225.46
A6574RR,$17.34
A6574UE,$169.10
A6575,$73.07
A6575RR,$5.62
A6575UE,$54.80
A6576,$138.38
A6576RR,$10.64
A6576UE,$103.79
A6577,$114.53
A6577RR,$8.81
A6577UE,$85.90
A6578,$56.40
A6578RR,$4.34
A6578UE,$42.30
A6579,$222.11
A6579RR,$17.09
A6579UE,$166.58
A6580,$220.47
A6580RR,$16.96
A6580UE,$165.35
A6581,$51.75
A6581RR,$3.98
A6581UE,$38.81
A6582,$34.52
A6582RR,$2.66
A6582UE,$25.89
A6583,$113.54
A6583RR,$8.73
A6583UE,$85.16
A6584,$134.43
A6584RR,$10.34
A6584UE,$100.82
A6585,$166.16
A6585RR,$30.47
A6585UE,$297.04
A6586,$396.05
A6586RR,$30.47
A6586UE,$297.04
A6587,$51.88
A6587RR,$3.99
A6587UE,$38.91
A6588,$172.91
A6588RR,$13.30
A6588UE,$129.68
A6589,$68.26
A6589RR,$5.25
A6589UE,$51.20
A6590,$301.93
A6590RR,$23.23
A6590UE,$226.45
A6591,$63.44
A6591RR,$4.88
A6591UE,$47.58
A6594,$24.86
A6594RR,$1.91
A6594UE,$18.65
A6595,$24.44
A6595RR,$1.88
A6595UE,$18.33
A6596,$0.08
A6596UE,$0.06
A6597,$1.10
A6597RR,$0.08
A6597UE,$0.83
A6598,$0.53
A6598RR,$0.04
A6598UE,$0.40
A6599,$1.21
A6599RR,$0.09
A6599UE,$0.91
A6600,$2.18
A6600RR,$0.17
A6600UE,$1.64
A6601,$2.45
A6601RR,$0.19
A6601UE,$1.84
A6602,$3.57
A6602RR,$0.27
A6602UE,$2.68
A6603,$1.67
A6603RR,$0.13
A6603UE,$1.25
A6604,$0.98
A6604RR,$0.08
A6604UE,$0.74
A6605,$1.12
A6605RR,$0.09
A6605UE,$0.84
A6606,$3.32
A6606RR,$0.26
A6606UE,$2.49
A6607,$0.89
A6607RR,$0.07
A6607UE,$0.67
A6608,$3.69
A6608RR,$0.28
A6608UE,$2.77
A6610,$160.51
A6610RR,$12.35
A6610UE,$120.38
A7000NU,$6.26
A7001NU,$22.13
A7002NU,$2.68
A7003NU,$0.99
A7004NU,$0.79
A7005NU,$7.36
A7006NU,$4.57
A7007NU,$2.01
A7008NU,$7.36
A7009NU,$28.12
A7010NU,$9.65
A7012NU,$1.76
A7013NU,$0.35
A7014NU,$2.04
A7015NU,$0.78
A7016NU,$4.85
A7017NU,$89.63
A7017RR,$6.89
A7017UE,$33.21
A7018,$0.26
A7020NU,$9.98
A7021,$104.29
A7021NU,$104.29
A7021RR,$8.02
A7021UE,$78.22
A7025RR,$28.00
A7026NU,$18.41
A7027NU,$117.41
A7028NU,$33.13
A7029NU,$13.54
A7030NU,$87.78
A7031NU,$33.28
A7032NU,$18.63
A7033NU,$15.28
A7034NU,$54.64
A7035NU,$18.21
A7036NU,$10.48
A7037NU,$11.79
A7038NU,$2.07
A7039NU,$5.98
A7040,$28.44
A7041,$53.44
A7044NU,$69.69
A7045NU,$11.22
A7045RR,$0.86
A7045UE,$6.28
A7046NU,$11.24
A7047NU,$80.52
A7048,$33.57
A7049,$55.98
A7049RR,$4.31
A7049UE,$41.99
A7501,$93.64
A7502,$44.60
A7503,$10.11
A7504,$0.62
A7505,$4.18
A7506,$0.31
A7507,$2.22
A7508,$2.56
A7509,$1.26
A7520,$42.33
A7521,$41.96
A7522,$40.26
A7523,$7.23
A7524,$69.12
A7525,$1.84
A7526,$3.01
A7527,$3.25
A8000NU,$102.55
A8000RR,$7.89
A8000UE,$76.31
A8001NU,$102.55
A8001RR,$7.89
A8001UE,$76.31
A8002NU,$153.35
A8002RR,$11.80
A8002UE,$25.00
A8003NU,$153.35
A8003RR,$11.80
A8003UE,$115.01
A8004NU,$26.70
A8004RR,$2.05
A8004UE,$20.02
A9273,$6.48
A9273NU,$6.48
A9273UE,$4.86
A9274,$26.00
A9275,$21.97
A9276,$10.17
A9277,$475.00
A9278,$442.00
A9281,$14.45
A9282,$350.00
A9283,$38.11
A9284,$9.00
A9285,$491.38
A9586,$165.00
B4034,$3.46
B4035,$5.98
B4036,$5.27
B4081,$17.80
B4082,$13.23
B4083,$2.03
B4087,$29.38
B4088,$29.38
B4100,$0.70
B4102,$4.56
B4103,$4.56
B4104,$1.28
B4105,$74.70
B4105NU,$74.70
B4105RR,$5.75
B4105UE,$56.03
B4149,$1.14
B4150,$0.42
B4152,$0.35
B4153,$1.35
B4154,$0.74
B4155,$0.82
B4157,$2.49
B4158,$1.06
B4159,$1.06
B4160,$0.89
B4161,$1.87
B4162,$2.47
B4164,$4.91
B4168,$7.16
B4176,$13.86
B4178,$16.63
B4180,$7.05
B4185,$3.25
B4189,$51.37
B4193,$66.38
B4197,$80.82
B4199,$92.35
B4216,$2.23
B4220,$2.31
B4222,$2.85
B4224,$7.23
B5000,$3.44
B5100,$1.34
B9002MS,$20.30
B9002NU,$608.49
B9002RR,$46.81
B9002UE,$304.25
B9004MS,$75.03
B9004NU,"$1,233.47"
B9004RR,$94.88
B9004UE,$690.74
B9006MS,$75.03
B9006NU,"$1,233.47"
B9006RR,$94.88
B9006UE,$690.74
E0100NU,$16.36
E0100RR,$1.26
E0100UE,$13.04
E0105NU,$38.11
E0105RR,$2.93
E0105UE,$29.37
E0110NU,$60.19
E0110RR,$4.63
E0110UE,$45.12
E0111NU,$41.31
E0111RR,$3.18
E0111UE,$31.89
E0112NU,$28.70
E0112RR,$2.21
E0112UE,$21.52
E0113NU,$14.66
E0113RR,$1.13
E0113UE,$10.99
E0114NU,$32.74
E0114RR,$2.52
E0114UE,$24.75
E0116NU,$19.25
E0116RR,$1.48
E0116UE,$14.49
E0117NU,$133.68
E0117RR,$10.28
E0118NU,$535.50
E0118RR,$12.75
E0130NU,$42.00
E0130RR,$3.23
E0130UE,$26.85
E0135NU,$40.25
E0135RR,$3.10
E0135UE,$22.54
E0140NU,$215.66
E0140RR,$16.59
E0140UE,$161.74
E0141NU,$45.88
E0141RR,$3.53
E0141UE,$25.69
E0143NU,$45.88
E0143RR,$3.53
E0143UE,$25.69
E0144NU,$190.39
E0144RR,$14.65
E0147NU,$298.91
E0147RR,$22.99
E0147UE,$224.18
E0148NU,$70.00
E0148RR,$5.38
E0148UE,$48.14
E0149NU,$112.61
E0149RR,$8.66
E0149UE,$63.06
E0152,$129.20
E0152NU,$129.20
E0152RR,$9.94
E0152UE,$96.90
E0153NU,$48.13
E0153RR,$3.70
E0153UE,$36.24
E0154NU,$39.70
E0154RR,$3.05
E0154UE,$29.78
E0155NU,$18.63
E0155RR,$1.43
E0155UE,$11.33
E0156NU,$13.70
E0156RR,$1.05
E0156UE,$7.67
E0157NU,$43.99
E0157RR,$3.38
E0157UE,$32.99
E0158NU,$17.86
E0158RR,$1.37
E0158UE,$13.39
E0159NU,$10.68
E0159RR,$0.82
E0159UE,$8.01
E0160NU,$22.94
E0160RR,$1.76
E0160UE,$7.81
E0161NU,$18.19
E0161RR,$1.40
E0161UE,$6.33
E0162NU,$101.07
E0162RR,$7.77
E0162UE,$78.69
E0163NU,$33.96
E0163RR,$2.61
E0163UE,$19.02
E0165NU,$128.91
E0165RR,$9.92
E0167NU,$8.32
E0167RR,$0.64
E0167UE,$2.87
E0168NU,$76.50
E0168RR,$5.88
E0168UE,$37.14
E0170NU,"$1,115.15"
E0170RR,$85.78
E0171NU,$200.72
E0171RR,$15.44
E0172NU,$925.00
E0172RR,$71.15
E0175NU,$45.94
E0175RR,$3.53
E0175UE,$33.95
E0181NU,$101.43
E0181RR,$7.80
E0182NU,$180.66
E0182RR,$13.90
E0183,$20.66
E0183NU,$20.66
E0183RR,$1.59
E0184NU,$134.41
E0184RR,$10.34
E0184UE,$45.89
E0185NU,$107.63
E0185RR,$8.28
E0185UE,$60.27
E0186NU,$140.22
E0186RR,$10.79
E0187NU,$160.22
E0187RR,$12.32
E0188NU,$18.24
E0188RR,$1.40
E0188UE,$6.47
E0189NU,$35.86
E0189RR,$2.76
E0189UE,$12.99
E0190NU,$21.55
E0190RR,$1.66
E0191NU,$6.97
E0191RR,$0.54
E0191UE,$5.19
E0193NU,"$5,373.80"
E0193RR,$413.37
E0194NU,"$22,569.75"
E0194RR,"$1,736.13"
E0196NU,$224.23
E0196RR,$17.25
E0197NU,$152.92
E0197RR,$11.76
E0197UE,$55.04
E0198NU,$152.92
E0198RR,$11.76
E0199NU,$22.12
E0199RR,$1.70
E0199UE,$8.75
E0200NU,$50.47
E0200RR,$3.88
E0200UE,$38.15
E0201,$107.74
E0201NU,$107.74
E0201RR,$8.29
E0201UE,$80.80
E0202NU,$372.90
E0202RR,$28.68
E0203NU,$129.20
E0203RR,$9.94
E0205NU,$123.74
E0205RR,$9.52
E0205UE,$93.32
E0210NU,$20.80
E0210RR,$1.60
E0210UE,$15.69
E0215NU,$45.10
E0215RR,$3.47
E0215UE,$34.08
E0217NU,$316.05
E0217RR,$24.31
E0217UE,$238.73
E0218NU,$109.80
E0218RR,$8.45
E0218UE,$61.49
E0221NU,$83.30
E0221RR,$6.41
E0225NU,$247.42
E0225RR,$19.03
E0225UE,$186.89
E0231NU,$22.50
E0231RR,$1.73
E0232NU,$22.50
E0232RR,$1.73
E0235NU,$109.91
E0235RR,$8.45
E0236NU,$281.73
E0236RR,$21.67
E0239NU,$286.36
E0239RR,$22.03
E0239UE,$216.33
E0240NU,$84.37
E0240RR,$6.49
E0240TF,"$1,004.00"
E0240TG,"$1,335.07"
E0241NU,$25.50
E0241RR,$1.96
E0242NU,$65.00
E0242RR,$5.00
E0243NU,$36.55
E0243RR,$2.81
E0244NU,$35.00
E0244RR,$2.69
E0245NU,$35.00
E0245RR,$2.69
E0246NU,$52.88
E0246RR,$4.07
E0247NU,$78.22
E0247RR,$6.02
E0248NU,$142.00
E0248RR,$10.92
E0249NU,$62.67
E0249RR,$4.82
E0249UE,$47.08
E0250NU,$563.42
E0250RR,$43.34
E0251NU,$426.90
E0251RR,$32.84
E0255NU,$677.10
E0255RR,$52.08
E0256NU,$480.38
E0256RR,$36.95
E0260NU,$674.00
E0260RR,$51.85
E0261NU,$388.97
E0261RR,$29.92
E0265NU,"$1,152.46"
E0265RR,$88.65
E0266NU,"$1,023.60"
E0266RR,$78.74
E0270NU,$800.00
E0270RR,$61.54
E0271NU,$78.62
E0271RR,$6.05
E0271UE,$44.03
E0272NU,$123.00
E0272RR,$9.46
E0272UE,$68.88
E0273NU,$15.57
E0273RR,$1.20
E0274NU,$45.00
E0274RR,$3.46
E0275NU,$10.57
E0275RR,$0.81
E0275UE,$3.75
E0276NU,$9.19
E0276RR,$0.71
E0276UE,$3.31
E0277NU,"$1,467.23"
E0277RR,$112.86
E0280NU,$22.73
E0280RR,$1.75
E0280UE,$17.05
E0290NU,$444.54
E0290RR,$34.20
E0291NU,$322.99
E0291RR,$24.85
E0292NU,$499.86
E0292RR,$38.45
E0293NU,$425.39
E0293RR,$32.72
E0294NU,$777.10
E0294RR,$59.78
E0295NU,$712.00
E0295RR,$54.77
E0296NU,$976.66
E0296RR,$75.13
E0297NU,$836.69
E0297RR,$64.36
E0300NU,"$1,688.42"
E0300RR,$129.88
E0301NU,"$1,610.31"
E0301RR,$123.87
E0302NU,"$4,255.45"
E0302RR,$327.34
E0303NU,"$1,489.50"
E0303RR,$114.58
E0304NU,"$4,584.02"
E0304RR,$352.62
E0305NU,$105.00
E0305RR,$8.08
E0310NU,$105.30
E0310RR,$8.10
E0310UE,$58.97
E0315NU,$16.00
E0315RR,$1.23
E0316NU,"$1,256.74"
E0316RR,$96.67
E0325NU,$6.91
E0325RR,$0.53
E0325UE,$2.21
E0326NU,$7.18
E0326RR,$0.55
E0326UE,$2.57
E0328NU,"$4,080.00"
E0328RR,$313.85
E0329NU,"$3,400.00"
E0329RR,$261.54
E0350NU,$3.00
E0352,$1.00
E0370NU,"$1,785.00"
E0370RR,$137.31
E0371NU,"$2,643.81"
E0371RR,$203.37
E0372NU,"$2,496.60"
E0372RR,$192.05
E0373NU,"$3,496.60"
E0373RR,$215.28
E0424RR,$70.02
E0425NU,$20.41
E0431RR,$17.27
E0433RR,$36.66
E0434RR,$17.27
E0439RR,$70.02
E0441,$50.34
E0442,$50.34
E0443,$47.66
E0444,$47.66
E0445NU,"$1,147.50"
E0445RR,$88.27
E0447,$53.49
E0455NU,$191.25
E0455RR,$14.71
E0457NU,$478.89
E0457RR,$36.84
E0459NU,$396.53
E0459RR,$30.50
E0462NU,"$2,011.63"
E0462RR,$154.74
E0465NU,"$8,413.00"
E0465RR,$841.30
E0466NU,"$10,742.10"
E0466RR,"$1,074.21"
E0467,$975.64
E0468RR,"$1,334.19"
E0469,"$11,994.10"
E0469NU,"$11,994.10"
E0469RR,$922.62
E0469UE,"$8,995.58"
E0470NU,"$1,131.30"
E0470RR,$87.02
E0471NU,"$3,000.00"
E0471RR,$230.77
E0472NU,"$3,701.17"
E0472RR,$284.71
E0480NU,$302.50
E0480RR,$23.27
E0481NU,"$7,637.25"
E0481RR,$587.48
E0481UE,"$4,276.86"
E0482NU,"$3,335.70"
E0482RR,$256.59
E0483NU,"$7,842.00"
E0483RR,$603.23
E0484NU,$28.64
E0484RR,$2.20
E0484UE,$21.44
E0485NU,$121.00
E0485RR,$9.31
E0485UE,$90.75
E0486NU,"$1,147.50"
E0486RR,$88.27
E0486UE,$860.63
E0487NU,$940.10
E0487RR,$72.32
E0490,$85.43
E0490NU,$85.43
E0490RR,$6.57
E0490UE,$64.07
E0491,$73.74
E0491NU,$73.74
E0491RR,$5.67
E0491UE,$55.31
E0500NU,$755.58
E0500RR,$75.56
E0530,$401.02
E0530NU,$401.02
E0550NU,$389.55
E0550RR,$29.97
E0555NU,$3.95
E0555RR,$0.30
E0560NU,$101.83
E0560RR,$7.83
E0560UE,$75.99
E0561NU,$61.68
E0561RR,$4.74
E0561UE,$34.54
E0562NU,$134.48
E0562RR,$10.34
E0562UE,$75.31
E0565NU,$266.78
E0565RR,$20.52
E0570NU,$36.65
E0570RR,$2.82
E0572NU,$262.17
E0572RR,$20.17
E0574NU,$277.27
E0574RR,$21.33
E0575NU,$707.46
E0575RR,$54.42
E0580NU,$79.52
E0580RR,$6.12
E0580UE,$30.83
E0585NU,$241.34
E0585RR,$18.56
E0600NU,$315.21
E0600RR,$24.25
E0601NU,$401.00
E0601RR,$30.85
E0602NU,$26.32
E0602RR,$2.02
E0602UE,$15.91
E0603NU,$95.00
E0603RR,$7.31
E0604NU,$595.00
E0604RR,$45.77
E0605NU,$18.19
E0605RR,$1.40
E0605UE,$14.93
E0606NU,$178.00
E0606RR,$13.69
E0607NU,$40.09
E0607RR,$3.08
E0607UE,$18.15
E0610NU,$159.61
E0610RR,$12.28
E0610UE,$120.32
E0615NU,$320.19
E0615RR,$24.63
E0615UE,$238.21
E0617NU,"$2,033.18"
E0617RR,$156.40
E0618NU,"$1,618.00"
E0618RR,$124.46
E0619NU,"$2,056.10"
E0619RR,$158.16
E0620NU,$524.63
E0620RR,$40.36
E0621NU,$65.56
E0621RR,$5.04
E0621UE,$22.29
E0627NU,$170.45
E0627RR,$13.11
E0627UE,$79.72
E0629NU,$169.07
E0629RR,$13.01
E0629UE,$80.11
E0630NU,$373.49
E0630RR,$28.73
E0635NU,$835.78
E0635RR,$64.29
E0636NU,"$7,427.98"
E0636RR,$571.38
E0637NU,"$1,221.88"
E0637RR,$93.99
E0638NU,$507.88
E0638RR,$39.07
E0639NU,$807.17
E0639RR,$62.09
E0640NU,$807.17
E0640RR,$62.09
E0641NU,"$1,786.70"
E0641RR,$137.44
E0642NU,"$1,211.25"
E0642RR,$93.17
E0650NU,$548.40
E0650RR,$42.18
E0650UE,$411.30
E0651NU,$699.32
E0651RR,$53.79
E0651UE,$524.49
E0652NU,"$4,036.70"
E0652RR,$310.52
E0652UE,"$3,027.52"
E0655NU,$82.18
E0655RR,$6.32
E0655UE,$61.63
E0656NU,$440.60
E0656RR,$33.89
E0657NU,$413.26
E0657RR,$31.79
E0660NU,$121.63
E0660RR,$9.36
E0660UE,$91.22
E0665NU,$104.32
E0665RR,$8.02
E0665UE,$78.24
E0666NU,$105.14
E0666RR,$8.09
E0666UE,$78.85
E0667NU,$246.53
E0667RR,$18.96
E0667UE,$184.89
E0668NU,$336.46
E0668RR,$25.88
E0668UE,$252.34
E0669NU,$139.59
E0669RR,$10.74
E0669UE,$104.69
E0670NU,$871.02
E0670RR,$67.00
E0670UE,$653.26
E0671NU,$315.20
E0671RR,$24.25
E0671UE,$236.40
E0672NU,$245.70
E0672RR,$18.90
E0672UE,$184.28
E0673NU,$204.20
E0673RR,$15.71
E0673UE,$153.15
E0675NU,"$2,928.10"
E0675RR,$225.24
E0677,$576.40
E0677RR,$44.34
E0677UE,$423.30
E0678,$321.60
E0678NU,$321.60
E0678RR,$24.74
E0678UE,$241.20
E0679,$180.37
E0679NU,$180.37
E0679RR,$13.88
E0679UE,$135.28
E0680,"$5,121.97"
E0680NU,"$5,121.97"
E0680RR,$419.47
E0680UE,"$3,841.48"
E0681,$813.60
E0681NU,$813.60
E0681RR,$62.58
E0682,$419.47
E0682NU,$419.47
E0682RR,$32.27
E0682UE,$314.61
E0683,$585.50
E0683NU,$585.50
E0683RR,$45.04
E0683UE,$439.13
E0691NU,$697.04
E0691RR,$53.62
E0691UE,$522.78
E0692NU,$875.28
E0692RR,$67.33
E0692UE,$656.46
E0693NU,"$1,236.74"
E0693RR,$95.13
E0693UE,$927.55
E0694NU,"$3,434.28"
E0694RR,$264.18
E0694UE,"$2,575.71"
E0700,$24.27
E0700NU,$24.27
E0700RR,$1.87
E0700UE,$18.20
E0705NU,$38.24
E0705RR,$2.94
E0705UE,$28.68
E0710NU,$13.58
E0710RR,$1.04
E0720NU,$44.05
E0720RR,$3.39
E0730NU,$44.32
E0730RR,$3.41
E0731NU,$54.50
E0731RR,$4.19
E0732,$381.25
E0732NU,$381.25
E0733,$368.80
E0733NU,$368.80
E0733RR,$28.37
E0733UE,$276.60
E0734,"$3,179.50"
E0734NU,"$3,179.50"
E0734RR,$244.57
E0734UE,"$2,384.63"
E0735,$36.88
E0735NU,$36.88
E0735RR,$2.83
E0736,$368.80
E0736NU,$368.80
E0736RR,$28.37
E0736UE,$276.60
E0739,"$11,747.48"
E0739NU,"$11,747.48"
E0739RR,$903.65
E0739UE,"$8,810.61"
E0740NU,$349.64
E0740RR,$26.90
E0743,"$2,318.80"
E0743NU,"$2,318.80"
E0743RR,$178.37
E0743UE,"$1,739.10"
E0744NU,$644.96
E0744RR,$49.61
E0745NU,$630.58
E0745RR,$48.51
E0746NU,"$2,500.00"
E0746RR,$192.31
E0747NU,"$2,702.57"
E0747RR,$207.89
E0747UE,"$2,105.40"
E0748NU,"$2,768.25"
E0748RR,$212.94
E0748UE,"$2,111.52"
E0749NU,"$2,023.36"
E0749RR,$155.64
E0755NU,$12.75
E0755RR,$0.98
E0760NU,"$2,507.91"
E0760RR,$192.92
E0760UE,"$1,404.43"
E0761NU,$235.00
E0761RR,$18.08
E0762NU,$774.50
E0762RR,$59.58
E0764NU,"$7,795.14"
E0764RR,$599.63
E0765NU,$59.26
E0765RR,$4.56
E0765UE,$44.45
E0766NU,"$162,750.00"
E0766RR,"$14,457.11"
E0776NU,$57.18
E0776RR,$6.11
E0776UE,$14.24
E0779NU,$116.73
E0779RR,$8.98
E0780NU,$7.23
E0780RR,$0.56
E0781NU,"$1,846.80"
E0781RR,$142.06
E0782NU,"$2,993.75"
E0782RR,$230.29
E0782UE,"$2,330.07"
E0783NU,"$5,708.29"
E0783RR,$439.10
E0783UE,"$4,443.11"
E0784NU,"$4,200.00"
E0784RR,$323.08
E0785KF,$329.09
E0785NU,$329.45
E0785RR,$25.34
E0786NU,"$5,568.02"
E0786RR,$428.31
E0786UE,"$4,333.97"
E0787,"$4,200.00"
E0791NU,"$2,204.69"
E0791RR,$169.59
E0830NU,$170.00
E0830RR,$13.08
E0840NU,$50.83
E0840RR,$3.91
E0840UE,$38.12
E0849NU,$357.46
E0849RR,$27.50
E0850NU,$72.87
E0850RR,$5.61
E0850UE,$54.65
E0855NU,$348.66
E0855RR,$26.82
E0856NU,$106.84
E0856RR,$8.22
E0860NU,$26.74
E0860RR,$2.06
E0860UE,$20.06
E0870NU,$80.69
E0870RR,$6.21
E0870UE,$60.52
E0880NU,$87.09
E0880RR,$6.70
E0880UE,$65.32
E0890NU,$82.24
E0890RR,$6.33
E0890UE,$61.68
E0900NU,$87.97
E0900RR,$6.77
E0900UE,$65.98
E0910NU,$99.00
E0910RR,$7.62
E0911NU,$294.91
E0911RR,$22.69
E0912NU,$677.47
E0912RR,$52.11
E0920NU,$316.78
E0920RR,$24.37
E0930NU,$313.62
E0930RR,$24.12
E0935NU,$15.98
E0935RR,$15.98
E0936NU,$12.17
E0936RR,$12.17
E0940NU,$197.50
E0940RR,$15.19
E0941NU,$298.58
E0941RR,$22.97
E0942NU,$13.69
E0942RR,$1.05
E0942UE,$10.27
E0944NU,$31.49
E0944RR,$2.42
E0944UE,$23.62
E0945NU,$30.43
E0945RR,$2.34
E0945UE,$22.82
E0946NU,$406.18
E0946RR,$31.24
E0947NU,$416.36
E0947RR,$32.03
E0947UE,$312.27
E0948NU,$402.72
E0948RR,$30.98
E0948UE,$302.04
E0950NU,$64.00
E0950RR,$4.92
E0950UE,$35.84
E0951NU,$11.00
E0951RR,$0.85
E0951UE,$6.16
E0952NU,$14.47
E0952RR,$1.11
E0952UE,$4.99
E0953NU,$72.98
E0953RR,$7.30
E0954NU,$50.63
E0954RR,$5.07
E0955NU,$160.38
E0955RR,$12.34
E0955UE,$89.81
E0956NU,$72.98
E0956RR,$5.61
E0956UE,$40.87
E0957NU,$106.00
E0957RR,$8.15
E0957UE,$59.36
E0958NU,$389.15
E0958RR,$29.93
E0959NU,$39.50
E0959RR,$3.04
E0959UE,$13.50
E0960NU,$65.95
E0960RR,$5.07
E0960UE,$36.93
E0961NU,$18.97
E0961RR,$1.46
E0961UE,$14.23
E0966NU,$63.64
E0966RR,$4.90
E0966UE,$35.64
E0967NU,$58.57
E0967RR,$4.51
E0967UE,$43.93
E0968NU,$159.90
E0968RR,$12.30
E0969NU,$139.66
E0969RR,$10.74
E0969UE,$104.74
E0970NU,$28.14
E0970RR,$2.16
E0971NU,$26.00
E0971RR,$2.00
E0971UE,$14.56
E0973NU,$51.20
E0973RR,$3.94
E0973UE,$28.67
E0974NU,$69.91
E0974RR,$5.38
E0974UE,$14.32
E0978NU,$18.76
E0978RR,$1.44
E0978UE,$14.07
E0980NU,$29.48
E0980RR,$2.27
E0980UE,$22.11
E0981NU,$36.24
E0981RR,$2.79
E0981UE,$12.40
E0982NU,$39.59
E0982RR,$3.05
E0982UE,$13.40
E0983NU,"$2,228.40"
E0983RR,$171.42
E0984NU,"$1,703.49"
E0984RR,$131.04
E0985NU,$180.86
E0985RR,$13.91
E0985UE,$64.32
E0986NU,"$4,336.99"
E0986RR,$333.61
E0988NU,"$2,539.20"
E0988RR,$195.32
E0990NU,$55.20
E0990RR,$4.25
E0990UE,$41.40
E0992NU,$75.95
E0992RR,$5.84
E0992UE,$42.53
E0994NU,$15.72
E0994RR,$1.21
E0994UE,$11.79
E0995NU,$23.37
E0995RR,$1.80
E0995UE,$8.05
E1002NU,"$2,769.28"
E1002RR,$213.02
E1003NU,"$3,374.64"
E1003RR,$259.59
E1004NU,"$3,741.77"
E1004RR,$287.83
E1005NU,"$4,050.17"
E1005RR,$311.55
E1006NU,"$4,961.88"
E1006RR,$381.68
E1007NU,"$6,717.50"
E1007RR,$516.73
E1008NU,"$6,718.20"
E1008RR,$516.78
E1009NU,$864.43
E1009RR,$66.49
E1009UE,$648.32
E1010NU,$878.98
E1010RR,$67.61
E1011NU,$292.00
E1011RR,$22.46
E1011UE,$219.00
E1012NU,$759.90
E1012RR,$58.45
E1014NU,$325.58
E1014RR,$25.04
E1015NU,$102.27
E1015RR,$7.87
E1015UE,$36.52
E1016NU,$86.31
E1016RR,$6.64
E1016UE,$64.73
E1017NU,$150.00
E1017RR,$11.54
E1017UE,$112.50
E1018NU,$150.00
E1018RR,$11.54
E1018UE,$112.50
E1020NU,$160.00
E1020RR,$12.31
E1020UE,$89.60
E1028NU,$124.29
E1028RR,$9.56
E1028UE,$69.60
E1029NU,$283.99
E1029RR,$21.85
E1030NU,$895.49
E1030RR,$68.88
E1031NU,$345.01
E1031RR,$26.54
E1032,$160.26
E1032NU,$160.26
E1032RR,$12.33
E1032RRKE,$17.73
E1032RRKU,$19.12
E1032UE,$120.20
E1033,$160.26
E1033NU,$160.26
E1033RR,$12.33
E1033RRKE,$17.73
E1033RRKU,$19.12
E1033UE,$120.20
E1034,$160.26
E1034NU,$160.26
E1034RR,$12.33
E1034RRKE,$17.73
E1034RRKU,$19.12
E1034UE,$120.20
E1035NU,"$4,188.03"
E1035RR,$322.16
E1036NU,"$5,871.16"
E1036RR,$451.63
E1037NU,$740.98
E1037RR,$57.00
E1038NU,$123.10
E1038RR,$9.47
E1039NU,$233.55
E1039RR,$17.97
E1050NU,$882.46
E1050RR,$67.88
E1060NU,"$1,062.68"
E1060RR,$81.74
E1070NU,$935.45
E1070RR,$71.96
E1083NU,$656.52
E1083RR,$50.50
E1084NU,$835.47
E1084RR,$64.27
E1085NU,$416.77
E1085RR,$32.06
E1086NU,$911.51
E1086RR,$70.12
E1087NU,"$1,086.60"
E1087RR,$83.58
E1088NU,"$1,270.04"
E1088RR,$97.70
E1089NU,"$1,072.36"
E1089RR,$82.49
E1090NU,$961.00
E1090RR,$73.92
E1092NU,"$1,080.01"
E1092RR,$83.08
E1093NU,$936.61
E1093RR,$72.05
E1100NU,$877.98
E1100RR,$67.54
E1110NU,$856.79
E1110RR,$65.91
E1130NU,$416.77
E1130RR,$32.06
E1130UE,$236.60
E1140NU,$416.53
E1140RR,$32.04
E1140UE,$236.60
E1150NU,$690.77
E1150RR,$53.14
E1160NU,$534.05
E1160RR,$41.08
E1161NU,"$2,095.82"
E1161RR,$161.22
E1170NU,$749.51
E1170RR,$57.65
E1171NU,$682.02
E1171RR,$52.46
E1172NU,$829.18
E1172RR,$63.78
E1180NU,$852.73
E1180RR,$65.59
E1190NU,$979.75
E1190RR,$75.37
E1195NU,"$1,054.67"
E1195RR,$81.13
E1200NU,$737.77
E1200RR,$56.75
E1221NU,$401.14
E1221RR,$30.86
E1222NU,$585.75
E1222RR,$45.06
E1223NU,$625.51
E1223RR,$48.12
E1224NU,$681.00
E1224RR,$52.38
E1225NU,$378.66
E1225RR,$29.13
E1226NU,$359.76
E1226RR,$27.67
E1226UE,$201.47
E1227NU,$227.89
E1227RR,$17.53
E1227UE,$170.92
E1228NU,$232.07
E1228RR,$17.85
E1230NU,"$1,878.07"
E1230RR,$144.47
E1230UE,"$1,408.55"
E1231NU,"$1,844.50"
E1231RR,$141.88
E1231UE,"$1,383.38"
E1232NU,"$1,901.28"
E1232RR,$146.25
E1233NU,"$1,970.04"
E1233RR,$151.54
E1234NU,"$1,715.06"
E1234RR,$131.93
E1235NU,"$1,651.46"
E1235RR,$127.04
E1236NU,"$1,457.01"
E1236RR,$112.08
E1237NU,"$1,469.75"
E1237RR,$113.06
E1238NU,"$1,457.01"
E1238RR,$112.08
E1240NU,$862.69
E1240RR,$66.36
E1250NU,$611.08
E1250RR,$47.01
E1260NU,$611.08
E1260RR,$47.01
E1270NU,$665.46
E1270RR,$51.19
E1280NU,"$1,107.35"
E1280RR,$85.18
E1285NU,"$1,006.38"
E1285RR,$77.41
E1290NU,$855.42
E1290RR,$65.80
E1295NU,$890.23
E1295RR,$68.48
E1296NU,$417.55
E1296RR,$32.12
E1296UE,$305.74
E1297NU,$86.72
E1297RR,$6.67
E1297UE,$65.04
E1298NU,$353.12
E1298RR,$27.16
E1298UE,$263.45
E1300,$170.00
E1300NU,$170.00
E1300RR,$13.08
E1300UE,$127.50
E1301,$300.00
E1301NU,$300.00
E1310NU,"$1,367.05"
E1310RR,$105.16
E1310UE,"$1,032.67"
E1353,$15.72
E1355,$11.84
E1372NU,$108.15
E1372RR,$8.32
E1372UE,$36.12
E1390MS,$70.02
E1390RR,$70.02
E1391MS,$70.02
E1391RR,$70.02
E1392MS,$37.17
E1392RR,$37.17
E1405NU,$639.81
E1405RR,$63.98
E1406NU,$496.02
E1406RR,$49.60
E1629,$150.00
E1629NU,$150.00
E1629RR,$15.00
E1629UE,$112.50
E1700NU,$269.97
E1700RR,$20.77
E1701,$5.89
E1702,$12.53
E1800NU,$886.47
E1800RR,$68.19
E1801NU,$880.98
E1801RR,$67.77
E1802NU,"$2,364.83"
E1802RR,$181.91
E1803,"$1,586.50"
E1803NU,"$1,586.50"
E1803RR,$122.04
E1803UE,"$1,189.88"
E1804,"$1,586.50"
E1804NU,"$1,586.50"
E1804RR,$122.04
E1804UE,"$1,189.88"
E1805NU,$914.29
E1805RR,$70.33
E1806NU,$723.43
E1806RR,$55.65
E1807,"$1,668.80"
E1807NU,"$1,668.80"
E1807RR,$128.37
E1807UE,"$1,251.60"
E1808,"$1,668.80"
E1808NU,"$1,668.80"
E1808RR,$128.37
E1808UE,"$1,251.60"
E1810NU,$901.49
E1810RR,$69.35
E1811NU,$916.06
E1811RR,$70.47
E1812NU,$587.29
E1812RR,$45.18
E1813,"$1,633.40"
E1813NU,"$1,633.40"
E1813RR,$125.65
E1813UE,"$1,225.05"
E1814,"$1,633.40"
E1814NU,"$1,633.40"
E1814RR,$125.65
E1814UE,"$1,225.05"
E1815NU,$914.29
E1815RR,$70.33
E1816NU,$930.47
E1816RR,$71.57
E1818NU,$949.92
E1818RR,$73.07
E1820NU,$77.35
E1820RR,$5.95
E1820UE,$43.32
E1821NU,$71.88
E1821RR,$5.53
E1821UE,$54.12
E1822,"$1,668.90"
E1822NU,"$1,668.90"
E1822RR,$128.38
E1822UE,"$1,251.68"
E1823,"$1,668.90"
E1823NU,"$1,668.90"
E1823RR,$128.38
E1823UE,"$1,251.68"
E1825NU,$914.29
E1825RR,$70.33
E1826,"$1,668.80"
E1826NU,"$1,668.80"
E1826RR,$128.37
E1826UE,"$1,251.60"
E1827,"$1,668.80"
E1827NU,"$1,668.80"
E1827RR,$128.37
E1827UE,"$1,251.60"
E1828,"$1,668.80"
E1828NU,"$1,668.80"
E1828RR,$128.37
E1828UE,"$1,251.60"
E1829,"$1,668.80"
E1829NU,"$1,668.80"
E1829RR,$128.37
E1829UE,"$1,251.60"
E1830NU,$914.29
E1830RR,$70.33
E1831RR,$45.54
E1832,$726.00
E1832NU,$726.00
E1832RR,$55.85
E1832UE,$544.50
E1840NU,"$2,769.32"
E1840RR,$213.02
E1841NU,"$3,093.80"
E1841RR,$237.98
E1902NU,$325.00
E1902RR,$25.00
E2000NU,$354.66
E2000RR,$27.28
E2001,$299.00
E2001NU,$299.00
E2001RR,$23.00
E2001UE,$224.25
E2100NU,$385.36
E2100RR,$29.64
E2100UE,$287.98
E2101NU,$113.14
E2101RR,$8.70
E2101UE,$84.42
E2102,$200.98
E2102NU,$200.98
E2102RR,$17.62
E2102UE,$171.77
E2103,$281.13
E2103NU,$281.13
E2103RR,$21.63
E2103UE,$210.84
E2104,$52.20
E2104NU,$52.20
E2104RR,$4.02
E2104UE,$39.18
E2120NU,"$1,875.70"
E2120RR,$144.28
E2201NU,$292.14
E2201RR,$22.47
E2201UE,$163.60
E2202NU,$421.42
E2202RR,$32.42
E2202UE,$236.00
E2203NU,$398.43
E2203RR,$30.65
E2203UE,$223.12
E2204NU,$699.76
E2204RR,$53.83
E2204UE,$391.87
E2205NU,$29.13
E2205RR,$2.24
E2205UE,$10.26
E2206NU,$36.01
E2206RR,$2.77
E2206UE,$20.17
E2207NU,$38.65
E2207RR,$2.97
E2207UE,$13.67
E2208NU,$72.37
E2208RR,$5.57
E2208UE,$40.53
E2209NU,$80.02
E2209RR,$6.16
E2209UE,$44.81
E2210NU,$5.00
E2210RR,$0.38
E2210UE,$2.80
E2211NU,$32.54
E2211RR,$2.50
E2211UE,$18.22
E2212NU,$5.53
E2212RR,$0.43
E2212UE,$1.89
E2213NU,$27.50
E2213RR,$2.12
E2213UE,$15.40
E2214NU,$31.34
E2214RR,$2.41
E2214UE,$10.35
E2215NU,$8.56
E2215RR,$0.66
E2215UE,$3.06
E2216NU,$45.00
E2216RR,$3.46
E2216UE,$33.75
E2217NU,$45.00
E2217RR,$3.46
E2217UE,$33.75
E2218NU,$45.00
E2218RR,$3.46
E2218UE,$33.75
E2219NU,$38.65
E2219RR,$2.97
E2219UE,$12.53
E2220NU,$25.43
E2220RR,$1.96
E2220UE,$8.86
E2221NU,$22.79
E2221RR,$1.75
E2221UE,$8.04
E2222NU,$18.79
E2222RR,$1.45
E2222UE,$6.66
E2224NU,$87.43
E2224RR,$6.73
E2224UE,$28.47
E2225NU,$15.51
E2225RR,$1.19
E2225UE,$5.56
E2226NU,$33.83
E2226RR,$2.60
E2226UE,$11.88
E2227NU,"$1,667.89"
E2227RR,$128.30
E2227UE,"$1,250.92"
E2228NU,$834.78
E2228RR,$64.21
E2228UE,$298.85
E2230NU,"$2,500.00"
E2230RR,$192.31
E2231NU,$131.88
E2231RR,$10.14
E2231UE,$73.85
E2291NU,$357.47
E2291RR,$27.50
E2292NU,$357.47
E2292RR,$27.50
E2293NU,$357.47
E2293RR,$27.50
E2294NU,$357.47
E2294RR,$27.50
E2295NU,$560.00
E2295RR,$43.08
E2298,"$1,753.02"
E2298NU,"$1,753.02"
E2298RR,$134.84
E2298UE,"$1,314.77"
E2300NU,"$1,579.30"
E2300RR,$121.48
E2301NU,"$3,440.80"
E2301RR,$264.68
E2310NU,$899.40
E2310RR,$69.18
E2311NU,"$1,820.69"
E2311RR,$140.05
E2312NU,"$1,798.12"
E2312RR,$138.32
E2312UE,"$1,348.59"
E2313NU,$285.55
E2313RR,$21.97
E2321NU,"$1,221.20"
E2321RR,$93.94
E2322NU,"$1,083.84"
E2322RR,$83.37
E2323NU,$53.15
E2323RR,$4.09
E2323UE,$19.34
E2324NU,$33.68
E2324RR,$2.59
E2324UE,$12.51
E2325NU,"$1,035.01"
E2325RR,$79.62
E2326NU,$266.77
E2326RR,$20.52
E2327NU,"$2,007.56"
E2327RR,$154.43
E2328NU,"$3,808.07"
E2328RR,$292.93
E2329NU,"$1,357.24"
E2329RR,$104.40
E2330NU,"$2,629.82"
E2330RR,$202.29
E2331NU,"$1,031.90"
E2331RR,$79.38
E2340NU,$319.52
E2340RR,$24.58
E2340UE,$239.64
E2341NU,$479.33
E2341RR,$36.87
E2341UE,$359.45
E2342NU,$399.42
E2342RR,$30.72
E2342UE,$299.57
E2343NU,$639.93
E2343RR,$49.23
E2343UE,$479.95
E2351NU,$536.89
E2351RR,$41.30
E2351UE,$198.23
E2358,$150.00
E2358NU,$150.00
E2359NU,$151.79
E2359RR,$11.68
E2359UE,$54.00
E2360NU,$95.00
E2360RR,$7.31
E2360UE,$53.20
E2361NU,$106.38
E2361RR,$8.18
E2361UE,$59.57
E2362NU,$82.01
E2362RR,$6.31
E2362UE,$45.93
E2363NU,$140.30
E2363RR,$10.79
E2363UE,$78.57
E2364NU,$92.64
E2364RR,$7.13
E2364UE,$51.88
E2365NU,$73.72
E2365RR,$5.67
E2365UE,$41.28
E2366NU,$149.65
E2366RR,$11.51
E2366UE,$83.80
E2367NU,$304.38
E2367RR,$23.41
E2367UE,$170.45
E2368NU,$395.87
E2368RR,$30.45
E2368UE,$296.90
E2369NU,$344.80
E2369RR,$26.52
E2369UE,$193.09
E2370NU,$615.24
E2370RR,$47.33
E2370UE,$344.53
E2371NU,$115.84
E2371RR,$8.91
E2371UE,$64.87
E2372NU,$75.00
E2372RR,$5.77
E2372UE,$56.25
E2373NU,$626.78
E2373RR,$48.21
E2373UE,$470.09
E2374NU,$410.39
E2374RR,$31.57
E2375NU,$524.18
E2375RR,$40.32
E2375UE,$178.22
E2376NU,"$1,031.51"
E2376RR,$79.35
E2376UE,$577.65
E2377NU,$373.27
E2377RR,$28.71
E2378NU,$454.93
E2378RR,$34.99
E2378UE,$341.19
E2381NU,$58.37
E2381RR,$4.49
E2381UE,$32.69
E2382NU,$15.96
E2382RR,$1.23
E2382UE,$5.50
E2383NU,$115.88
E2383RR,$8.91
E2383UE,$64.89
E2384NU,$58.46
E2384RR,$4.50
E2384UE,$32.74
E2385NU,$38.05
E2385RR,$2.93
E2385UE,$13.14
E2386NU,$96.91
E2386RR,$7.45
E2386UE,$54.27
E2387NU,$46.99
E2387RR,$3.61
E2387UE,$26.31
E2388NU,$38.72
E2388RR,$2.98
E2388UE,$13.82
E2389NU,$21.03
E2389RR,$1.62
E2389UE,$7.60
E2390NU,$32.88
E2390RR,$2.53
E2390UE,$11.84
E2391NU,$15.67
E2391RR,$1.21
E2391UE,$8.78
E2392NU,$40.38
E2392RR,$3.11
E2392UE,$22.61
E2394NU,$55.58
E2394RR,$4.28
E2394UE,$31.12
E2395NU,$41.80
E2395RR,$3.22
E2395UE,$31.35
E2396NU,$50.43
E2396RR,$3.88
E2396UE,$28.24
E2397NU,$369.25
E2397RR,$28.40
E2397UE,$133.34
E2398,$560.00
E2402RR,$696.78
E2500NU,$332.40
E2500RR,$25.57
E2500UE,$249.30
E2502NU,"$1,016.43"
E2502RR,$78.19
E2502UE,$762.32
E2504NU,"$1,340.81"
E2504RR,$103.14
E2504UE,"$1,005.61"
E2506NU,"$1,966.02"
E2506RR,$151.23
E2506UE,"$1,474.52"
E2508NU,"$3,040.12"
E2508RR,$233.86
E2508UE,"$2,280.09"
E2510NU,"$5,753.01"
E2510RR,$442.54
E2510UE,"$4,314.76"
E2511NU,$405.00
E2511RR,$31.15
E2511UE,$303.75
E2512NU,$480.00
E2512RR,$36.92
E2512UE,$360.00
E2513,"$3,224.81"
E2513NU,"$3,224.81"
E2513RR,$248.06
E2513UE,"$2,418.61"
E2601NU,$37.34
E2601RR,$2.87
E2601UE,$20.91
E2602NU,$80.13
E2602RR,$6.16
E2602UE,$44.87
E2603NU,$97.31
E2603RR,$7.49
E2603UE,$54.50
E2604NU,$133.70
E2604RR,$10.28
E2604UE,$74.87
E2605NU,$190.99
E2605RR,$14.69
E2605UE,$106.95
E2606NU,$297.97
E2606RR,$22.92
E2606UE,$166.86
E2607NU,$193.50
E2607RR,$14.88
E2607UE,$108.36
E2608NU,$244.06
E2608RR,$18.77
E2608UE,$136.67
E2610NU,$233.75
E2610RR,$17.98
E2611NU,$148.40
E2611RR,$11.42
E2611UE,$83.11
E2612NU,$289.38
E2612RR,$22.26
E2612UE,$162.05
E2613NU,$293.32
E2613RR,$22.56
E2613UE,$164.26
E2614NU,$385.96
E2614RR,$29.69
E2614UE,$216.14
E2615NU,$335.45
E2615RR,$25.80
E2615UE,$187.85
E2616NU,$431.83
E2616RR,$33.22
E2616UE,$241.82
E2617,$637.50
E2617NU,$637.50
E2617RR,$49.04
E2617UE,$357.00
E2619NU,$39.43
E2619RR,$3.03
E2619UE,$14.17
E2620NU,$357.13
E2620RR,$27.47
E2620UE,$199.99
E2621NU,$426.64
E2621RR,$32.82
E2621UE,$238.92
E2622NU,$247.46
E2622RR,$19.04
E2622UE,$90.69
E2623NU,$314.88
E2623RR,$24.22
E2623UE,$115.06
E2624NU,$249.50
E2624RR,$19.19
E2624UE,$91.78
E2625NU,$315.84
E2625RR,$24.30
E2625UE,$114.94
E2626NU,$522.80
E2626RR,$40.22
E2626UE,$194.49
E2627NU,$808.95
E2627RR,$62.23
E2627UE,$303.62
E2628NU,$616.81
E2628RR,$47.45
E2628UE,$227.89
E2629NU,$800.18
E2629RR,$61.55
E2629UE,$293.08
E2630NU,$547.05
E2630RR,$42.08
E2630UE,$201.72
E2631NU,$219.68
E2631RR,$16.90
E2631UE,$80.59
E2632NU,$138.11
E2632RR,$10.62
E2632UE,$51.32
E2633NU,$119.53
E2633RR,$9.19
E2633UE,$43.32
E3000,"$2,284.70"
E3000NU,"$2,284.70"
E3000RR,$175.74
E3000UE,"$1,713.53"
E8000NU,$623.90
E8000RR,$47.99
E8001NU,$504.90
E8001RR,$38.84
E8002NU,$573.75
E8002RR,$44.13
G0249,$54.73
G0249NU,"$1,175.90"
G0249RR,$117.59
K0001NU,$422.50
K0001RR,$25.44
K0001UE,$236.60
K0002NU,$697.00
K0002RR,$43.93
K0003NU,$766.60
K0003RR,$38.75
K0004NU,"$1,054.80"
K0004RR,$47.43
K0005NU,"$1,701.44"
K0005RR,$130.88
K0005UE,$952.81
K0006NU,$988.40
K0006RR,$76.03
K0007NU,"$1,446.30"
K0007RR,$97.11
K0009NU,$649.20
K0009RR,$49.94
K0010NU,"$3,600.71"
K0010RR,$276.98
K0011NU,"$4,923.84"
K0011RR,$378.76
K0012NU,"$2,821.48"
K0012RR,$217.04
K0015NU,$138.60
K0015RR,$10.66
K0015UE,$77.62
K0017NU,$39.27
K0017RR,$3.02
K0017UE,$13.85
K0018NU,$21.95
K0018RR,$1.69
K0018UE,$7.78
K0019NU,$12.85
K0019RR,$0.99
K0019UE,$8.09
K0020NU,$35.80
K0020RR,$2.75
K0020UE,$13.05
K0037NU,$38.49
K0037RR,$2.96
K0037UE,$13.24
K0038NU,$19.40
K0038RR,$1.49
K0038UE,$6.73
K0039NU,$43.07
K0039RR,$3.31
K0039UE,$14.72
K0040NU,$49.81
K0040RR,$3.83
K0040UE,$27.89
K0041NU,$43.46
K0041RR,$3.34
K0041UE,$14.27
K0042NU,$28.00
K0042RR,$2.15
K0042UE,$9.26
K0043NU,$15.00
K0043RR,$1.15
K0043UE,$5.46
K0044NU,$12.78
K0044RR,$0.98
K0044UE,$4.69
K0045NU,$45.27
K0045RR,$3.48
K0045UE,$15.97
K0046NU,$15.00
K0046RR,$1.15
K0046UE,$5.47
K0047NU,$58.77
K0047RR,$4.52
K0047UE,$20.39
K0050NU,$24.97
K0050RR,$1.92
K0050UE,$9.04
K0051NU,$40.43
K0051RR,$3.11
K0051UE,$14.46
K0052NU,$67.50
K0052RR,$5.19
K0052UE,$37.80
K0053NU,$77.83
K0053RR,$5.99
K0053UE,$43.58
K0056NU,$84.16
K0056RR,$6.47
K0056UE,$47.13
K0065NU,$39.64
K0065RR,$3.05
K0065UE,$13.85
K0069NU,$88.42
K0069RR,$6.80
K0069UE,$49.52
K0070NU,$162.08
K0070RR,$12.47
K0070UE,$90.76
K0071NU,$97.41
K0071RR,$7.49
K0071UE,$33.67
K0072NU,$58.63
K0072RR,$4.51
K0072UE,$20.33
K0073NU,$31.03
K0073RR,$2.39
K0073UE,$10.85
K0077NU,$50.95
K0077RR,$3.92
K0077UE,$28.53
K0098NU,$20.93
K0098RR,$1.61
K0098UE,$11.72
K0105NU,$88.66
K0105RR,$6.82
K0105UE,$49.65
K0195NU,$161.95
K0195RR,$12.46
K0455NU,"$1,846.80"
K0455RR,$184.68
K0552,$1.85
K0553,$251.11
K0554,$252.78
K0554NU,$252.78
K0554RR,$19.44
K0554UE,$189.59
K0601NU,$0.94
K0602NU,$3.53
K0603NU,$0.48
K0604NU,$3.65
K0605NU,$8.76
K0606NU,"$20,407.00"
K0606RR,"$2,040.70"
K0607NU,$129.88
K0607RR,$9.99
K0608NU,$81.05
K0608RR,$6.23
K0608UE,$60.79
K0609,$539.03
K0609KF,$404.27
K0609NU,$539.03
K0609RR,$41.46
K0672,$60.08
K0672NU,$55.50
K0672RR,$4.27
K0730NU,"$1,186.68"
K0730RR,$91.28
K0733NU,$23.30
K0733RR,$1.79
K0733UE,$8.25
K0738MS,$38.00
K0738RR,$38.00
K0739,$15.30
K0740,$15.30
K0800NU,$803.58
K0800RR,$61.81
K0800UE,$450.01
K0801NU,"$1,468.86"
K0801RR,$112.99
K0801UE,$822.56
K0802NU,"$1,804.13"
K0802RR,$138.78
K0802UE,"$1,010.31"
K0806NU,"$1,196.21"
K0806RR,$92.02
K0806UE,$417.98
K0807NU,"$1,815.13"
K0807RR,$139.63
K0807UE,$640.51
K0808NU,"$2,808.37"
K0808RR,$216.03
K0808UE,$990.58
K0813NU,"$2,767.80"
K0813RR,$212.91
K0814NU,"$3,543.05"
K0814RR,$272.54
K0815NU,"$4,034.19"
K0815RR,$310.32
K0816NU,"$3,863.61"
K0816RR,$297.20
K0820NU,"$2,956.39"
K0820RR,$227.41
K0821NU,"$2,020.75"
K0821RR,$291.93
K0822NU,"$2,177.82"
K0822RR,$326.68
K0823NU,"$2,029.96"
K0823RR,$328.82
K0824NU,"$3,113.95"
K0824RR,$395.74
K0825NU,"$2,886.25"
K0825RR,$391.28
K0826NU,"$7,193.22"
K0826RR,$553.32
K0827NU,"$4,593.69"
K0827RR,$470.48
K0828NU,"$7,926.03"
K0828RR,$609.69
K0829NU,"$7,278.51"
K0829RR,$559.89
K0830NU,"$3,426.00"
K0830RR,$263.54
K0831NU,"$2,912.10"
K0831RR,$224.01
K0835NU,"$2,643.22"
K0835RR,$358.10
K0836NU,"$2,741.50"
K0836RR,$371.36
K0837NU,"$3,386.26"
K0837RR,$427.39
K0838NU,"$3,001.78"
K0838RR,$382.34
K0839NU,"$4,496.32"
K0839RR,$553.32
K0840NU,"$6,901.93"
K0840RR,$838.27
K0841NU,"$2,975.86"
K0841RR,$381.16
K0842NU,"$2,971.64"
K0842RR,$381.16
K0843NU,"$3,528.50"
K0843RR,$458.90
K0848NU,"$6,091.40"
K0848RR,$468.57
K0849NU,"$6,045.20"
K0849RR,$465.02
K0850NU,"$7,032.90"
K0850RR,$540.99
K0851NU,"$6,793.85"
K0851RR,$522.60
K0852NU,"$8,164.20"
K0852RR,$628.02
K0853NU,"$8,386.70"
K0853RR,$645.13
K0854NU,"$11,110.40"
K0854RR,$854.65
K0855NU,"$10,495.50"
K0855RR,$807.35
K0856NU,"$6,538.50"
K0856RR,$502.96
K0857NU,"$6,669.51"
K0857RR,$513.04
K0858NU,"$8,112.40"
K0858RR,$624.03
K0859NU,"$7,736.70"
K0859RR,$595.13
K0860NU,"$11,589.60"
K0860RR,$891.51
K0861NU,"$6,549.24"
K0861RR,$503.79
K0862NU,"$8,112.40"
K0862RR,$624.03
K0863NU,"$11,589.60"
K0863RR,$891.51
K0864NU,"$13,791.74"
K0864RR,"$1,060.90"
K0868NU,"$4,792.32"
K0868RR,$368.64
K0869NU,"$4,823.94"
K0869RR,$371.07
K0870NU,"$6,230.02"
K0870RR,$479.23
K0871NU,"$8,119.22"
K0871RR,$624.56
K0877NU,"$5,612.55"
K0877RR,$431.73
K0878NU,"$5,612.55"
K0878RR,$431.73
K0879NU,"$7,296.31"
K0879RR,$561.25
K0880NU,"$9,485.20"
K0880RR,$729.63
K0884NU,"$7,650.00"
K0884RR,$588.46
K0885NU,"$9,000.00"
K0885RR,$692.31
K0886NU,"$9,000.00"
K0886RR,$692.31
K0890NU,"$9,488.16"
K0890RR,$729.86
K0891NU,"$7,459.35"
K0891RR,$573.80
K0903KX,$27.05
K0903NU,$27.05
K0903RR,$2.08
K1001,$401.02
K1002,$381.25
K1003,$300.00
K1004,$43.39
K1005,$0.33
K1005NU,$0.33
K1005UE,$0.25
K1006,$299.00
K1006RR,$23.00
K1006UE,$224.25
K1009,"$2,284.70"
K1009RR,$175.74
K1009UE,"$1,713.53"
K1013,$2.02
K1013NU,$2.02
K1013RR,$0.16
K1014,"$17,411.83"
K1014NU,"$17,411.83"
K1014RR,"$1,339.37"
K1015,$125.00
K1015NU,$125.00
K1015RR,$9.61
K1016,$36.88
K1016NU,$36.88
K1016RR,$2.83
K1017,$10.43
K1017NU,$10.43
K1017RR,$0.80
K1018,"$3,179.50"
K1018NU,"$3,179.50"
K1018RR,$244.57
K1018UE,"$2,384.62"
K1019,$373.64
K1019NU,$373.64
K1019RR,$0.80
K1019UE,$280.23
K1020,$36.88
K1020NU,$36.88
K1020RR,$2.83
K1022,$696.17
K1022NU,$696.17
K1023,$36.88
K1023NU,$36.88
K1023UE,$27.66
K1024,"$5,121.97"
K1024NU,"$5,121.97"
K1024RR,$394.00
K1024UE,"$3,841.48"
K1025,$419.47
K1025NU,$419.47
K1025RR,$32.27
K1025UE,$314.60
K1027,"$1,001.40"
K1027NU,"$1,001.40"
K1027RR,$100.14
K1027UE,$751.05
K1031,$813.16
K1031NU,$813.60
K1031RR,$62.58
K1032,$321.60
K1032NU,$321.60
K1032RR,$24.74
K1032UE,$241.20
K1033,$180.37
K1033NU,$180.37
K1033RR,$13.88
K1033UE,$135.28
L0112,$911.57
L0113,$184.32
L0120,$17.91
L0130,$110.12
L0140,$43.21
L0150,$72.95
L0160,$105.71
L0170,$435.28
L0172,$85.69
L0174,$185.41
L0180,$250.09
L0190,$334.34
L0200,$348.54
L0220,$82.66
L0450,$117.31
L0452,$272.91
L0454,$223.64
L0455,$225.38
L0456,$641.34
L0457,$646.32
L0458,$575.09
L0460,$647.31
L0462,$805.13
L0464,$958.50
L0466,$252.17
L0467,$254.13
L0468,$309.38
L0469,$311.78
L0470,$430.31
L0472,$272.91
L0480,$961.08
L0482,"$1,046.64"
L0484,"$1,199.46"
L0486,"$1,272.56"
L0488,$647.31
L0490,$182.41
L0491,$495.24
L0492,$321.57
L0621,$62.24
L0622,$174.36
L0623,$39.00
L0624,$126.41
L0625,$35.53
L0626,$50.27
L0627,$265.13
L0628,$54.13
L0629,$203.52
L0630,$104.46
L0631,$662.14
L0632,"$1,078.66"
L0633,$184.96
L0634,$301.30
L0635,$646.05
L0636,$956.40
L0637,$756.87
L0638,$850.48
L0639,$756.87
L0640,$674.75
L0641,$50.66
L0642,$267.19
L0643,$105.27
L0648,$667.28
L0649,$186.39
L0650,$762.75
L0651,$762.75
L0700,"$1,364.53"
L0710,"$1,409.62"
L0720,"$1,797.46"
L0720NU,"$1,797.46"
L0720RR,$138.27
L0720UE,"$1,348.10"
L0810,"$1,740.96"
L0820,"$1,457.93"
L0830,"$2,116.47"
L0859,$822.24
L0861,$138.99
L0970,$77.14
L0972,$69.46
L0974,$120.84
L0976,$107.93
L0978,$129.99
L0980,$11.79
L0982,$10.99
L0984,$40.40
L1000,"$1,370.30"
L1001,"$1,142.74"
L1005,"$2,063.89"
L1006,"$1,002.67"
L1006NU,"$1,002.67"
L1006RR,$77.13
L1006UE,$752.00
L1010,$45.30
L1020,$59.05
L1025,$84.16
L1030,$42.94
L1040,$52.66
L1050,$56.20
L1060,$64.55
L1070,$61.45
L1080,$37.36
L1085,$103.89
L1090,$61.87
L1100,$107.33
L1110,$172.38
L1120,$26.81
L1200,"$1,057.59"
L1210,$176.68
L1220,$149.53
L1230,$383.67
L1240,$52.40
L1250,$48.77
L1260,$51.06
L1270,$52.29
L1280,$58.22
L1290,$53.05
L1300,"$1,127.45"
L1310,"$1,160.14"
L1600,$86.97
L1610,$29.63
L1620,$90.43
L1630,$114.38
L1640,$311.44
L1650,$156.27
L1652,$229.86
L1653,$333.06
L1653NU,$333.06
L1653RR,$25.62
L1653UE,$249.80
L1660,$115.51
L1680,$822.36
L1681,"$1,792.13"
L1681NU,"$1,792.13"
L1681RR,$137.86
L1681UE,"$1,344.10"
L1685,$802.83
L1686,$615.68
L1690,"$1,246.95"
L1700,"$1,030.71"
L1710,"$1,206.56"
L1720,$889.39
L1730,$763.90
L1755,"$1,068.59"
L1810,$66.50
L1812,$66.99
L1820,$87.52
L1821,$127.18
L1821NU,$127.18
L1821RR,$9.78
L1821UE,$95.39
L1830,$59.04
L1831,$189.79
L1832,$410.35
L1833,$413.53
L1834,$523.93
L1836,$86.04
L1840,$620.60
L1843,$578.59
L1844,"$1,073.21"
L1845,$551.74
L1846,$754.00
L1847,$370.89
L1848,$373.77
L1850,$194.27
L1851,$574.55
L1852,$547.82
L1860,$724.25
L1900,$182.08
L1902,$53.88
L1904,$317.39
L1906,$81.17
L1907,$362.84
L1910,$180.50
L1920,$235.96
L1930,$159.67
L1932,$575.42
L1933,"$1,797.46"
L1933NU,"$1,797.46"
L1933RR,$138.27
L1933UE,"$1,348.10"
L1940,$333.79
L1945,$624.79
L1950,$502.72
L1951,$541.56
L1952,$803.50
L1952NU,$803.50
L1952RR,$61.81
L1952UE,$602.63
L1960,$374.18
L1970,$480.27
L1971,$302.26
L1980,$247.71
L1990,$300.85
L2000,$684.59
L2005,"$2,643.02"
L2006,"$34,733.21"
L2006NU,"$34,733.21"
L2006RR,"$2,671.79"
L2010,$624.06
L2020,$788.10
L2030,$683.75
L2034,"$1,321.36"
L2035,$112.41
L2036,"$1,252.24"
L2037,"$1,124.18"
L2038,$964.99
L2040,$119.83
L2050,$321.52
L2060,$391.87
L2070,$90.76
L2080,$242.77
L2090,$295.95
L2106,$458.91
L2108,$721.14
L2112,$314.97
L2114,$391.76
L2116,$480.49
L2126,$808.21
L2128,"$1,157.35"
L2132,$544.46
L2134,$652.79
L2136,$798.19
L2180,$79.04
L2182,$61.86
L2184,$83.61
L2186,$101.61
L2188,$202.21
L2190,$58.94
L2192,$240.65
L2200,$32.09
L2210,$45.37
L2220,$55.28
L2230,$51.80
L2232,$63.10
L2240,$56.44
L2250,$239.83
L2260,$135.30
L2265,$79.49
L2270,$36.25
L2275,$84.65
L2280,$305.63
L2300,$181.72
L2310,$83.03
L2320,$138.87
L2330,$265.10
L2335,$153.33
L2340,$301.65
L2350,$601.41
L2360,$34.92
L2370,$173.26
L2375,$76.26
L2380,$83.09
L2385,$90.41
L2387,$111.70
L2390,$73.89
L2395,$105.60
L2397,$75.86
L2405,$56.22
L2415,$78.32
L2425,$92.43
L2430,$92.43
L2492,$68.83
L2500,$212.93
L2510,$490.26
L2520,$310.93
L2525,$822.75
L2526,$462.30
L2530,$158.59
L2540,$285.36
L2550,$193.85
L2570,$321.48
L2580,$313.25
L2600,$138.61
L2610,$163.91
L2620,$180.47
L2622,$206.98
L2624,$223.50
L2627,"$1,157.05"
L2628,"$1,130.79"
L2630,$167.19
L2640,$214.72
L2650,$81.00
L2660,$125.80
L2670,$115.14
L2680,$105.63
L2750,$56.42
L2755,$84.25
L2760,$41.01
L2768,$84.01
L2780,$45.68
L2785,$21.39
L2795,$57.35
L2800,$72.00
L2810,$52.72
L2820,$58.61
L2830,$63.41
L2840,$29.49
L2850,$41.79
L2861,$120.25
L3000,$202.56
L3001,$85.28
L3002,$104.15
L3003,$112.36
L3010,$112.36
L3020,$127.94
L3030,$49.20
L3031,$79.78
L3040,$30.35
L3050,$30.35
L3060,$47.56
L3070,$20.49
L3080,$20.49
L3090,$26.27
L3100,$27.88
L3140,$57.42
L3150,$52.49
L3160,$125.00
L3161,$125.00
L3161NU,$125.00
L3161RR,$9.61
L3170,$32.81
L3201,$41.47
L3202,$53.37
L3203,$43.33
L3204,$48.55
L3206,$51.90
L3207,$42.68
L3208,$45.80
L3209,$39.11
L3211,$23.85
L3212,$36.40
L3213,$56.25
L3214,$49.79
L3215,$81.98
L3216,$70.91
L3217,$87.75
L3219,$69.85
L3221,$82.15
L3222,$103.22
L3224,$39.69
L3225,$45.72
L3230,$162.57
L3250,$183.74
L3251,$255.36
L3252,$157.92
L3253,$67.64
L3254,$65.38
L3255,$189.00
L3257,$54.93
L3260,$14.13
L3265,$26.62
L3300,$33.62
L3310,$52.49
L3320,$39.00
L3330,$364.95
L3332,$47.56
L3334,$24.60
L3340,$54.96
L3350,$14.76
L3360,$22.96
L3370,$31.98
L3380,$31.98
L3390,$31.98
L3400,$26.27
L3410,$59.87
L3420,$35.26
L3430,$103.34
L3440,$49.20
L3450,$68.07
L3455,$26.27
L3460,$22.14
L3465,$37.73
L3470,$40.18
L3480,$40.18
L3485,$27.68
L3500,$18.86
L3510,$18.86
L3520,$20.49
L3530,$20.49
L3540,$32.81
L3550,$5.75
L3560,$14.76
L3570,$54.96
L3580,$41.89
L3590,$34.44
L3595,$27.06
L3600,$49.20
L3610,$64.79
L3620,$49.20
L3630,$64.79
L3640,$27.88
L3650,$39.17
L3660,$72.69
L3670,$83.20
L3671,$528.80
L3674,$698.09
L3675,$105.86
L3677,$93.66
L3678,$37.70
L3702,$169.46
L3710,$81.64
L3720,$432.00
L3730,$595.38
L3740,$705.87
L3760,$293.48
L3761,$301.50
L3762,$63.10
L3763,$432.06
L3764,$487.95
L3765,$752.50
L3766,$796.84
L3806,$266.93
L3807,$146.74
L3808,$218.71
L3809,$147.88
L3891,$190.79
L3900,$854.61
L3901,"$1,061.38"
L3904,"$1,934.14"
L3905,$582.06
L3906,$260.98
L3908,$39.57
L3912,$62.64
L3913,$158.95
L3915,$311.96
L3916,$314.38
L3917,$61.99
L3918,$62.47
L3919,$158.95
L3921,$188.50
L3923,$57.46
L3924,$57.90
L3925,$32.60
L3927,$20.52
L3929,$51.63
L3930,$52.03
L3931,$120.44
L3933,$125.22
L3935,$129.65
L3956,$76.00
L3960,$485.40
L3961,$985.99
L3962,$473.88
L3967,"$1,164.16"
L3971,"$1,105.01"
L3973,"$1,164.16"
L3975,$985.99
L3976,$985.99
L3977,"$1,105.01"
L3978,"$1,164.16"
L3980,$204.18
L3981,$595.44
L3982,$246.56
L3984,$227.33
L3995,$22.11
L4000,$860.58
L4002,$26.86
L4010,$452.97
L4020,$581.34
L4030,$340.77
L4040,$275.51
L4045,$221.41
L4050,$278.65
L4055,$180.44
L4060,$214.50
L4070,$189.95
L4080,$68.27
L4090,$60.95
L4100,$70.40
L4110,$57.23
L4130,$334.87
L4205,$25.00
L4210,$57.50
L4350,$60.34
L4360,$186.89
L4361,$188.33
L4370,$127.42
L4386,$102.24
L4387,$103.03
L4392,$15.15
L4394,$11.06
L4396,$108.03
L4397,$108.86
L4398,$49.72
L4631,"$1,124.88"
L4631NU,"$1,124.88"
L5000,$366.96
L5010,$884.20
L5020,"$1,439.30"
L5050,"$1,666.78"
L5060,"$2,005.99"
L5100,"$1,687.98"
L5105,"$2,523.05"
L5150,"$2,550.46"
L5160,"$2,774.09"
L5200,"$2,399.24"
L5210,"$1,762.37"
L5220,"$2,003.25"
L5230,"$2,762.88"
L5250,"$3,768.32"
L5270,"$3,735.31"
L5280,"$3,697.96"
L5301,"$1,667.55"
L5312,"$2,472.30"
L5321,"$2,387.06"
L5331,"$3,377.77"
L5341,"$3,670.57"
L5400,$874.10
L5410,$303.45
L5420,"$1,103.96"
L5430,$365.47
L5450,$295.96
L5460,$396.03
L5500,$932.78
L5505,"$1,263.23"
L5510,"$1,057.37"
L5520,"$1,044.43"
L5530,"$1,254.45"
L5535,"$1,231.63"
L5540,"$1,314.53"
L5560,"$1,411.58"
L5570,"$1,467.54"
L5580,"$1,713.25"
L5585,"$1,858.23"
L5590,"$1,745.92"
L5595,"$2,924.35"
L5600,"$3,229.36"
L5610,"$1,503.67"
L5611,"$1,170.16"
L5613,"$1,779.88"
L5614,"$1,101.18"
L5615,"$6,612.38"
L5615NU,"$17,411.83"
L5615RR,"$1,339.37"
L5616,$986.40
L5617,$367.46
L5618,$204.26
L5620,$201.92
L5622,$263.30
L5624,$264.10
L5626,$346.27
L5628,$350.66
L5629,$230.81
L5630,$325.95
L5631,$319.11
L5632,$161.26
L5634,$220.97
L5636,$185.11
L5637,$209.81
L5638,$353.46
L5639,$814.29
L5640,$464.41
L5642,$449.98
L5643,"$1,130.41"
L5644,$428.97
L5645,$579.49
L5646,$398.00
L5647,$577.73
L5648,$478.16
L5649,"$1,382.85"
L5650,$354.55
L5651,$872.19
L5652,$316.64
L5653,$422.69
L5654,$240.86
L5655,$192.64
L5656,$269.42
L5658,$264.07
L5661,$441.97
L5665,$371.88
L5666,$50.84
L5668,$73.34
L5670,$197.15
L5671,$361.33
L5672,$216.57
L5673,$485.31
L5676,$263.18
L5677,$358.10
L5678,$28.84
L5679,$404.41
L5680,$221.06
L5681,$858.60
L5682,$454.21
L5683,$858.60
L5684,$34.96
L5685,$83.58
L5686,$37.10
L5688,$44.36
L5690,$71.07
L5692,$96.51
L5694,$131.76
L5695,$118.44
L5696,$134.38
L5697,$58.31
L5698,$75.76
L5699,$135.42
L5700,"$1,988.94"
L5701,"$2,469.43"
L5702,"$3,155.49"
L5703,"$1,519.27"
L5704,$382.42
L5705,$674.65
L5706,$661.90
L5707,$898.44
L5710,$261.22
L5711,$379.23
L5712,$312.95
L5714,$303.78
L5716,$529.34
L5718,$661.62
L5722,$655.74
L5724,"$1,096.25"
L5726,"$1,263.41"
L5728,"$1,728.17"
L5780,$831.52
L5781,"$2,611.05"
L5782,"$2,752.64"
L5783,"$2,412.74"
L5783NU,"$2,412.74"
L5783RR,$185.60
L5783UE,"$1,809.56"
L5785,$377.34
L5790,$522.23
L5795,$779.80
L5810,$353.67
L5811,$529.69
L5812,$410.56
L5814,"$2,423.56"
L5816,$617.66
L5818,$697.46
L5822,"$1,236.77"
L5824,"$1,113.80"
L5826,"$2,050.70"
L5827,"$5,738.75"
L5827NU,"$5,738.75"
L5827RR,$441.44
L5827UE,"$4,304.06"
L5828,"$2,050.96"
L5830,"$1,378.13"
L5840,"$2,461.64"
L5841,"$2,422.25"
L5841NU,"$2,422.25"
L5841RR,$186.33
L5841UE,"$1,816.69"
L5845,"$1,169.66"
L5848,$701.72
L5850,$92.91
L5855,$224.29
L5856,"$15,688.19"
L5857,"$5,581.39"
L5858,"$12,128.12"
L5859,"$9,476.36"
L5910,$263.04
L5920,$385.43
L5925,$244.03
L5926,$696.17
L5926NU,$696.17
L5926RR,$53.55
L5930,"$2,210.58"
L5940,$364.30
L5950,$565.05
L5960,$700.16
L5961,"$3,053.28"
L5962,$426.90
L5964,$680.18
L5966,$866.71
L5968,"$2,371.39"
L5969,"$9,832.63"
L5970,$147.50
L5971,$147.50
L5972,$255.97
L5973,"$11,387.93"
L5974,$169.24
L5975,$302.54
L5976,$406.73
L5978,$211.96
L5979,"$1,657.18"
L5980,"$2,692.82"
L5981,"$2,091.80"
L5982,$419.87
L5984,$413.75
L5985,$185.45
L5986,$460.39
L5987,"$4,694.43"
L5988,"$1,303.64"
L5990,"$1,183.89"
L5991,"$8,775.39"
L5991NU,"$8,775.39"
L5991RR,$675.03
L5991UE,"$6,581.54"
L6000,$965.00
L6010,"$1,073.88"
L6020,"$1,001.23"
L6026,"$2,716.85"
L6050,"$1,379.65"
L6055,"$1,922.87"
L6100,"$1,397.80"
L6110,"$1,482.60"
L6120,"$1,727.76"
L6130,"$1,880.12"
L6200,"$1,981.34"
L6205,"$2,644.78"
L6250,"$1,950.30"
L6300,"$2,705.83"
L6310,"$2,203.96"
L6320,"$1,241.18"
L6350,"$2,844.77"
L6360,"$2,313.32"
L6370,"$1,475.13"
L6380,$835.41
L6382,"$1,075.45"
L6384,"$1,384.72"
L6386,$291.67
L6388,$319.29
L6400,"$1,685.25"
L6450,"$2,239.17"
L6500,"$2,241.00"
L6550,"$2,769.47"
L6570,"$3,178.82"
L6580,"$1,135.28"
L6582,$999.58
L6584,"$1,486.55"
L6586,"$1,367.89"
L6588,"$2,052.83"
L6590,"$1,910.77"
L6600,$136.23
L6605,$134.51
L6610,$120.92
L6611,$268.69
L6615,$126.17
L6616,$47.12
L6620,$220.22
L6621,"$1,492.65"
L6623,$465.88
L6624,"$2,457.65"
L6625,$386.27
L6628,$347.92
L6629,$106.26
L6630,$156.52
L6632,$47.19
L6635,$127.93
L6637,$266.68
L6638,"$1,631.91"
L6640,$203.45
L6641,$116.51
L6642,$157.93
L6645,$231.85
L6646,"$2,058.28"
L6647,$338.84
L6648,"$2,122.75"
L6650,$245.84
L6655,$54.56
L6660,$66.74
L6665,$33.45
L6670,$34.90
L6672,$122.46
L6675,$87.22
L6676,$88.08
L6677,$193.59
L6680,$168.50
L6682,$186.30
L6684,$253.16
L6686,$428.77
L6687,$418.93
L6688,$384.75
L6689,$489.36
L6690,$499.40
L6691,$250.71
L6692,$406.16
L6693,"$1,852.65"
L6694,$485.31
L6695,$404.41
L6696,$858.60
L6697,$858.60
L6698,$361.33
L6700,"$23,145.25"
L6700NU,"$23,145.25"
L6700RR,"$1,780.40"
L6700UE,"$17,358.94"
L6703,$236.10
L6704,$425.34
L6706,$253.42
L6707,$934.03
L6708,$607.51
L6709,$879.91
L6711,$438.73
L6712,$807.80
L6713,"$1,019.52"
L6714,$863.52
L6715,"$2,052.73"
L6721,"$1,534.83"
L6722,"$1,323.13"
L6805,$247.10
L6810,$136.07
L6880,"$15,534.59"
L6881,"$2,667.87"
L6882,"$2,023.71"
L6883,"$1,152.52"
L6884,"$1,621.42"
L6885,"$2,313.32"
L6890,$123.53
L6895,$405.55
L6900,"$1,097.01"
L6905,"$1,066.33"
L6910,"$1,038.82"
L6915,$455.39
L6920,"$4,846.97"
L6925,"$5,595.76"
L6930,"$4,877.03"
L6935,"$5,700.52"
L6940,"$6,372.16"
L6945,"$7,413.26"
L6950,"$7,242.85"
L6955,"$8,674.33"
L6960,"$8,748.73"
L6965,"$10,293.27"
L6970,"$10,592.69"
L6975,"$11,606.23"
L7007,"$2,499.16"
L7008,"$3,933.42"
L7009,"$2,549.94"
L7040,"$2,047.51"
L7045,"$1,173.91"
L7170,"$4,258.53"
L7180,"$23,725.35"
L7181,"$26,785.66"
L7185,"$4,312.33"
L7186,"$6,424.31"
L7190,"$5,486.62"
L7191,"$6,713.03"
L7259,"$2,315.92"
L7360,$165.15
L7362,$181.96
L7364,$289.40
L7366,$389.84
L7367,$254.13
L7368,$433.67
L7400,$200.01
L7401,$223.91
L7402,$241.80
L7403,$240.32
L7404,$362.71
L7405,$474.36
L7406,"$2,470.64"
L7406NU,"$2,470.64"
L7406RR,$190.05
L7406UE,"$1,852.98"
L7510,$35.81
L7520,$30.05
L7600,$3.73
L7700,$100.48
L7900,$325.66
L7902,$12.29
L8000,$29.62
L8001,$89.37
L8002,$117.55
L8010,$45.00
L8015,$43.79
L8020,$162.69
L8030,$250.17
L8031,$250.17
L8032,$27.98
L8033,$38.74
L8035,"$2,610.27"
L8040,"$1,616.26"
L8040KM,"$1,525.88"
L8040KN,$642.48
L8041,"$1,948.54"
L8041KM,"$1,839.19"
L8041KN,$774.41
L8042,"$2,188.92"
L8042KM,"$2,066.51"
L8042KN,$870.12
L8043,"$2,451.59"
L8043KM,"$2,314.50"
L8043KN,$974.53
L8044,"$2,714.26"
L8044KM,"$2,562.48"
L8044KN,"$1,078.94"
L8045,"$1,785.98"
L8045KM,"$1,686.11"
L8045KN,$709.94
L8046,"$1,751.13"
L8046KM,"$1,653.22"
L8046KN,$696.08
L8047,$897.46
L8047KM,$847.27
L8047KN,$356.74
L8049,$25.00
L8300,$61.26
L8310,$96.73
L8320,$38.83
L8330,$35.86
L8400,$11.43
L8410,$15.05
L8415,$15.57
L8417,$49.05
L8420,$14.13
L8430,$16.09
L8435,$15.28
L8440,$30.37
L8460,$48.40
L8465,$35.43
L8470,$4.84
L8480,$6.68
L8485,$8.08
L8500,$479.31
L8501,$87.73
L8505,$59.00
L8507,$27.34
L8509,$71.27
L8510,$164.90
L8511,$47.47
L8512,$1.42
L8513,$3.40
L8514,$61.54
L8515,$41.91
L8600,$453.52
L8603,$286.40
L8605,$465.68
L8606,$143.61
L8607,$27.82
L8609,"$4,252.85"
L8610,$425.10
L8612,$441.60
L8613,$186.75
L8614,"$12,622.20"
L8615,$319.70
L8616,$107.65
L8617,$78.86
L8618,$22.54
L8619,"$7,134.07"
L8621,$0.53
L8622,$0.35
L8623,$52.44
L8624,$138.59
L8625,$186.00
L8627,"$6,058.70"
L8628,"$1,075.37"
L8629,$153.90
L8630,$244.69
L8631,"$1,436.07"
L8641,$254.23
L8642,$206.21
L8658,$221.67
L8659,"$1,259.58"
L8670,$363.85
L8678,$13.74
L8678RR,$1.06
L8678UE,$10.31
L8679,"$5,473.79"
L8680,$303.30
L8681,$783.50
L8682,"$3,935.44"
L8683,"$3,464.09"
L8684,$494.56
L8685,"$8,632.34"
L8686,"$5,508.11"
L8687,"$11,234.74"
L8688,"$7,168.25"
L8689,"$1,125.93"
L8690,"$3,541.41"
L8691,"$1,857.06"
L8692,"$2,383.53"
L8693,"$1,303.27"
L8694,$930.03
L8695,$10.87
L8696,$161.45
L8701,"$26,784.72"
L8701NU,"$26,784.72"
L8702,"$52,697.39"
L8702NU,"$52,697.39"
Q0478,$136.88
Q0478NU,$136.88
Q0479,"$8,996.52"
Q0479NU,"$8,996.52"
Q0480,"$67,087.83"
Q0480NU,"$67,087.83"
Q0480UE,"$37,569.19"
Q0481,"$10,823.85"
Q0481NU,"$10,823.85"
Q0481UE,"$6,061.35"
Q0482,"$3,390.23"
Q0482NU,"$3,390.23"
Q0482UE,"$1,898.53"
Q0483,"$13,966.23"
Q0483NU,"$13,966.23"
Q0483UE,"$7,821.09"
Q0484,"$2,712.20"
Q0484NU,"$2,712.20"
Q0484UE,"$1,518.83"
Q0485,$261.86
Q0485NU,$261.86
Q0485UE,$146.64
Q0486,$217.94
Q0486NU,$217.94
Q0486UE,$122.05
Q0487,$254.27
Q0487NU,$254.27
Q0487UE,$142.39
Q0489,"$12,107.96"
Q0489NU,"$12,107.96"
Q0489UE,"$6,780.46"
Q0490,$523.74
Q0490NU,$523.74
Q0490UE,$293.29
Q0491,$823.36
Q0491NU,$823.36
Q0491UE,$461.08
Q0492,$66.34
Q0492NU,$66.34
Q0492UE,$37.15
Q0493,$188.87
Q0493NU,$188.87
Q0493UE,$105.77
Q0494,$159.83
Q0494NU,$159.83
Q0494UE,$89.50
Q0495,"$3,111.44"
Q0495NU,"$3,111.44"
Q0495UE,"$1,742.41"
Q0496,"$1,116.75"
Q0496NU,"$1,116.75"
Q0496UE,$625.38
Q0497,$348.71
Q0497NU,$348.71
Q0497UE,$195.28
Q0498,$382.62
Q0498NU,$382.62
Q0498UE,$214.26
Q0499,$124.31
Q0499NU,$124.31
Q0499UE,$69.62
Q0500,$22.74
Q0500NU,$22.74
Q0500UE,$12.74
Q0501,$380.41
Q0501NU,$380.41
Q0501UE,$213.03
Q0502,$484.31
Q0502NU,$484.31
Q0502UE,$271.21
Q0503,$968.64
Q0503NU,$968.64
Q0503UE,$542.44
Q0504,$511.12
Q0504NU,$511.12
Q0504UE,$286.23
Q0506,$636.23
Q0506NU,$636.23
Q9991,"$1,887.58"
Q9992,"$1,887.58"
S1040,"$2,100.00"
S8096,$9.00
S8097,$18.00
S8100,$6.80
S8101,$15.30
S8186,$3.40
S8210,$1.75
S8265,$20.40
S8270,$58.61
S8420,$190.00
S8421,$70.00
S8422,$131.25
S8423,$157.50
S8424,$78.75
S8425,$117.19
S8426,$140.63
S8427,$93.75
S8428,$30.00
S8429,$38.00
S8430,$20.00
S8431,$5.00
S8450,$4.00
S8451,$15.00
S8452,$15.00
S8460,$45.00
S8490,$15.30
S8999,$26.35
S9433,$14.00
S9434,$2.55
S9435,$13.60
T2101,$5.12
T4521,$0.33
T4522,$0.29
T4523,$0.39
T4524,$0.52
T4525,$0.42
T4526,$0.36
T4527,$0.40
T4528,$0.52
T4529,$0.20
T4530,$0.23
T4531,$0.32
T4532,$0.36
T4533,$0.39
T4534,$0.39
T4535,$0.14
T4536,$0.45
T4537,$7.38
T4538,$0.53
T4538RR,$0.04
T4539,$1.00
T4540,$9.35
T4541,$0.28
T4542,$0.17
T4543,$0.86
T4544,$0.85
T5001,$175.00
V2623,$801.20
V2624,$54.87
V2625,$333.52
V2626,$179.78
V2627,"$1,150.10"
V2628,$274.16
V5008,$27.92
V5010,$42.25
V5011,$40.16
V5014,$178.77
V5020,$92.44
V5030,$589.17
V5040,$761.22
V5050,$464.58
V5060,$479.21
V5070,$570.99
V5080,$534.16
V5090,$172.15
V5100,$709.31
V5110,$403.21
V5120,$805.26
V5130,$816.46
V5140,$803.13
V5150,$808.19
V5160,$297.29
V5170,$876.57
V5180,$845.94
V5190,$609.77
V5200,$197.12
V5210,$905.72
V5220,$917.39
V5230,$788.88
V5240,$284.25
V5241,$208.84
V5242,$310.53
V5243,$370.40
V5244,$445.15
V5245,$436.67
V5246,$688.15
V5247,$724.16
V5248,$630.76
V5249,$772.25
V5250,$902.81
V5251,$885.83
V5252,"$1,169.54"
V5253,"$1,161.91"
V5254,$562.56
V5255,$764.17
V5256,$686.32
V5257,$666.12
V5258,"$1,569.12"
V5259,"$1,540.83"
V5260,"$1,378.89"
V5261,"$1,206.16"
V5262,$350.00
V5263,$700.00
V5264,$35.16
V5265,$34.25
V5266,$2.09
V5267,$24.73
V5336,$150.00
Y2032,$375.00
Y9167,$4.00
