HCPCS,Mod,From,Through,Purchase Fee,Fee Effective Date,Note Code,2,Rental Fee,Fee Effective Date,Note Code
E0182,,0,999,,,,,$20.64 ,4/1/2019,,
E0183,,0,999,,,,,$15.37 ,4/1/2023,,
E0186,,0,999,,,,,$15.79 ,4/1/2017,,
E0193,,0,999,,,,,$669.13 ,4/1/2017,,
E0194,,0,999,,,,,"$2,258.07 ",4/1/2013,,
E0202,,0,20,,,,,$53.90 ,4/1/2013,,
E0225,,0,999,,,,,$37.01 ,4/1/2013,,
E0277,,0,999,,,,,$421.54 ,4/1/2017,,
E0424,,0,999,,,,,$157.90 ,4/1/2019,,
E0431,,0,999,,,,,$26.47 ,4/1/2013,,
E0433,,0,999,,,,,$41.30 ,4/1/2017,,
E0434,,0,999,,,,,$28.26 ,4/1/2017,,
E0439,,0,999,,,,,$157.90 ,4/1/2019,,
E0445,,0,999,,,,,$50.92 ,3/1/2017,,
E0445,U4,0,20,,,,,$203.69 ,3/1/2017,,
E0465,,0,999,,,,,"$1,059.64 ",1/1/2016,,
E0466,,0,999,,,,,"$1,059.64 ",1/1/2016,,
E0467,,0,999,,,,,"$1,224.75 ",9/1/2021,,
E0471,,0,999,,,,,$436.67 ,4/1/2017,,
E0472,,0,999,,,,,$397.03 ,4/1/2017,,
E0482,,0,999,,,,,$314.60 ,4/1/2019,,
E0604,,0,999,,,,,$46.81 ,4/1/2019,,
E0635,,0,999,,,,,$170.90 ,4/1/2019,,
E0733,,0,999,,,,,$35.79 ,1/1/2024,,
E0935,,0,999,,,,,$19.81 ,4/1/2013,,
E1031,,0,999,,,,,$34.67 ,4/1/2017,,
E1390,,0,999,,,,,$148.76 ,4/1/2017,,
E1600,,0,20,,,,,$35.75 ,4/1/2013,6,
E1700,,0,20,,,,,$27.77 ,4/1/2013,6,
E1701,,0,20,,,,,$1.06 ,4/1/2013,6,
E1702,,0,20,,,,,$2.02 ,4/1/2013,6,
E1831,,0,20,,,,,$62.79 ,4/1/2013,,
E2402,,0,999,,,,,"$1,256.24 ",4/1/2017,,
K0455,,0,999,,,,,$255.60 ,1/1/2020,,
K0462,,0,999,,,,,$48.76 ,3/1/2012,,
K0606,,0,999,,,,,"$2,316.81 ",1/1/2020,,
K0738,,0,999,,,,,$0.00 ,3/1/2012,5,
A4560,,0,999,$892.88 ,3/1/2024,,,,,,
A9279,U1,0,20,"$2,104.78 ",1/1/2015,,,$210.48 ,1/1/2015,,
B9002,,0,999,"$1,225.78 ",1/1/2014,,,$122.58 ,1/1/2016,,
B9004,,0,999,"$2,836.83 ",1/1/2014,,,$283.68 ,1/1/2018,,
B9006,,0,999,"$2,836.83 ",1/1/2014,,,$283.68 ,1/1/2018,,
E0100,,0,999,$15.27 ,4/1/2013,,,,,,
E0105,,0,999,$36.35 ,4/1/2013,,,,,,
E0110,,0,999,$54.34 ,4/1/2013,,,$5.43 ,4/1/2015,,
E0111,,0,999,$35.87 ,4/1/2013,,,$3.59 ,4/1/2015,,
E0112,,0,999,$28.78 ,4/1/2013,,,$2.88 ,4/1/2015,,
E0113,,0,999,$16.76 ,4/1/2013,,,$1.68 ,4/1/2015,,
E0114,,0,999,$32.30 ,4/1/2013,,,$3.23 ,4/1/2015,,
E0116,,0,999,$20.72 ,4/1/2013,,,$2.07 ,4/1/2015,,
E0130,,0,999,$54.34 ,4/1/2013,,,$5.43 ,4/1/2015,,
E0135,,0,999,$62.35 ,4/1/2017,,,$6.24 ,4/1/2019,,
E0140,,0,999,$285.60 ,4/1/2017,,,,,,
E0141,,0,999,$76.79 ,4/1/2019,,,$7.68 ,4/1/2019,,
E0143,,0,999,$81.48 ,4/1/2019,,,$8.15 ,4/1/2019,,
E0144,,0,999,$198.12 ,4/1/2015,,,$19.81 ,4/1/2015,,
E0147,,0,999,$343.73 ,4/1/2017,,,$34.37 ,4/1/2017,,
E0148,,0,999,$105.72 ,4/1/2019,,,$10.57 ,4/1/2019,,
E0149,,0,999,$170.82 ,4/1/2017,,,$17.08 ,4/1/2017,,
E0153,,0,999,$63.52 ,4/1/2013,,,,,,
E0154,,0,999,$53.45 ,4/1/2017,,,,,,
E0155,,0,999,$23.56 ,4/1/2017,,,,,,
E0157,,0,999,$56.63 ,4/1/2017,,,,,,
E0158,,0,999,$21.42 ,4/1/2013,,,,,,
E0159,,0,999,$14.88 ,4/1/2013,,,,,,
E0160,,0,999,$15.61 ,4/1/2019,,,,,,
E0161,,0,999,$21.54 ,4/1/2013,,,,,,
E0162,,0,999,$119.64 ,4/1/2013,,,$11.96 ,4/1/2015,,
E0163,,0,999,$88.70 ,4/1/2017,,,,,,
E0163,TG,0,999,$0.00 ,10/16/2003,5,,,,,
E0165,,0,999,$148.65 ,4/1/2017,,,,,,
E0165,TG,0,999,$0.00 ,10/16/2003,5,,,,,
E0167,,0,999,$9.09 ,4/1/2013,,,$0.91 ,4/1/2013,,
E0168,,0,999,$120.74 ,4/1/2017,,,,,,
E0168,TF,0,999,$319.26 ,4/1/2013,,,,,,
E0168,TG,0,999,"$1,544.22 ",4/1/2013,,,,,,
E0170,,0,999,"$1,653.85 ",4/1/2013,,,,,,
E0171,,0,999,$297.63 ,4/1/2013,,,,,,
E0172,,0,999,"$1,329.43 ",4/1/2019,,,,,,
E0175,,0,999,$51.06 ,4/1/2013,,,$5.11 ,4/1/2013,,
E0181,,0,999,$206.40 ,4/1/2017,,,$20.64 ,4/1/2017,,
E0184,,0,999,$143.82 ,4/1/2017,,,$14.38 ,4/1/2017,,
E0185,,0,999,$225.12 ,4/1/2017,,,$22.51 ,4/1/2017,,
E0186,,0,20,$157.86 ,4/1/2017,,,,,,
E0187,,0,999,$158.67 ,4/1/2019,,,$15.87 ,4/1/2019,,
E0188,,0,999,$20.67 ,4/1/2013,,,,,,
E0189,,0,999,$38.62 ,4/1/2017,,,,,,
E0190,,0,999,$41.58 ,4/1/2019,,,,,,
E0190,UD,0,20,$0.00 ,7/1/2010,5,,,,,
E0191,,0,999,$7.74 ,4/1/2013,,,,,,
E0196,,0,999,$237.63 ,4/1/2017,,,$23.76 ,4/1/2017,,
E0197,,0,999,$157.95 ,4/1/2019,,,$15.80 ,4/1/2019,,
E0198,,0,999,$137.80 ,4/1/2019,,,$13.78 ,4/1/2019,,
E0199,,0,999,$24.71 ,4/1/2017,,,,,,
E0210,,0,999,$24.09 ,4/1/2013,,,,,,
E0217,,0,999,$435.67 ,4/1/2013,,,$43.57 ,4/1/2013,,
E0218,,0,999,$265.52 ,4/1/2019,,,$26.55 ,4/1/2019,,
E0235,,0,999,$166.70 ,4/1/2013,,,$16.67 ,4/1/2013,,
E0236,,0,999,$427.43 ,4/1/2013,,,,,,
E0240,,0,999,$86.42 ,4/1/2017,,,,,,
E0240,TF,0,999,"$1,434.28 ",4/1/2013,,,,,,
E0240,TG,0,999,"$1,935.82 ",4/1/2013,,,,,,
E0243,,0,999,$61.50 ,4/1/2017,,,,,,
E0244,,0,999,$32.05 ,4/1/2019,,,,,,
E0245,,0,999,$41.47 ,4/1/2019,,,,,,
E0246,,0,999,$52.40 ,4/1/2019,,,,,,
E0247,,0,999,$93.76 ,4/1/2019,,,,,,
E0248,,0,999,$193.12 ,4/1/2019,,,,,,
E0250,,0,999,$883.21 ,4/1/2017,,,$88.32 ,4/1/2017,,
E0255,,0,999,$930.30 ,4/1/2013,,,$93.03 ,4/1/2013,,
E0260,,0,999,"$1,243.16 ",4/1/2017,,,$124.32 ,4/1/2017,,
E0265,,0,999,"$1,600.68 ",4/1/2017,,,$160.07 ,4/1/2017,,
E0271,,0,999,$163.40 ,4/1/2017,,,,,,
E0275,,0,999,$10.38 ,4/1/2017,,,,,,
E0276,,0,999,$12.22 ,4/1/2013,,,,,,
E0280,,0,999,$30.25 ,4/1/2013,,,$3.03 ,4/1/2015,,
E0300,,0,20,"$2,473.19 ",4/1/2017,,,$247.32 ,4/1/2017,,
E0303,,0,999,"$2,733.11 ",4/1/2017,,,$273.31 ,4/1/2017,,
E0304,,0,999,"$5,237.67 ",4/1/2017,,,$523.77 ,4/1/2017,,
E0305,,0,999,$135.48 ,4/1/2017,,,,,,
E0310,,0,999,$140.20 ,4/1/2017,,,,,,
E0315,,0,999,$90.38 ,4/1/2019,,,,,,
E0316,,0,20,"$1,729.42 ",4/1/2017,,,$172.94 ,4/1/2017,,
E0325,,0,999,$7.59 ,4/1/2017,,,$0.76 ,4/1/2017,,
E0326,,0,999,$7.81 ,4/1/2013,,,,,,
E0328,,0,20,"$5,059.53 ",4/1/2013,,,$505.95 ,4/1/2013,,
E0329,,0,20,"$6,746.03 ",4/1/2013,,,$674.60 ,4/1/2017,,
E0370,,0,999,$61.50 ,4/1/2019,,,$6.15 ,4/1/2019,,
E0371,,0,999,"$3,801.20 ",4/1/2017,,,$380.12 ,4/1/2017,,
E0372,,0,999,"$4,270.88 ",4/1/2013,,,$427.09 ,4/1/2013,,
E0373,,0,999,"$4,865.88 ",4/1/2013,,,$486.59 ,4/1/2013,,
E0445,,0,20,"$2,036.88 ",3/1/2017,,,,,,
E0457,,0,999,$419.16 ,9/1/2021,,,$41.92 ,9/1/2021,,
E0459,,0,999,$346.25 ,4/1/2017,,,$34.63 ,4/1/2017,,
E0470,,0,999,"$2,257.02 ",4/1/2017,,,$225.70 ,4/1/2017,,
E0480,,0,999,$359.08 ,4/1/2013,,,$35.91 ,4/1/2013,,
E0483,,0,999,"$9,253.45 ",4/1/2013,,,$925.35 ,4/1/2013,,
E0500,,0,999,$953.90 ,3/1/2017,,,$95.39 ,4/1/2013,,
E0550,,0,999,$427.43 ,4/1/2013,,,$42.74 ,4/1/2013,,
E0561,,0,999,$89.09 ,4/1/2013,,,$8.91 ,4/1/2015,,
E0562,,0,999,$220.52 ,4/1/2019,,,$22.05 ,4/1/2019,,
E0565,,0,999,$487.40 ,9/1/2021,,,$41.44 ,4/1/2017,,
E0570,,0,999,$129.63 ,4/1/2013,HP,,,,,
E0574,,0,999,$388.88 ,4/1/2013,,,,,,
E0575,,0,999,$992.86 ,4/1/2013,,,,,,
E0580,,0,999,$118.88 ,4/1/2013,,,$11.89 ,4/1/2013,,
E0585,,0,999,$248.10 ,4/1/2017,,,,,,
E0600,,0,999,$442.34 ,4/1/2013,,,,,,
E0601,,0,999,$811.38 ,4/1/2017,,,$81.14 ,4/1/2017,,
E0602,,0,999,$16.66 ,4/1/2013,,,,,,
E0603,,0,999,$173.47 ,4/1/2017,,,,,,
E0606,,0,999,$158.15 ,4/1/2013,,,,,,
E0610,,0,999,$229.77 ,4/1/2013,,,,,,
E0615,,0,999,$450.27 ,4/1/2013,,,,,,
E0616,,0,20,"$2,180.91 ",4/1/2019,6,,,,,
E0617,,1,20,"$2,346.51 ",4/1/2013,6,,$234.65 ,4/1/2013,6,
E0618,,0,999,"$2,335.34 ",3/1/2017,,,$233.53 ,3/1/2017,,
E0619,,0,999,"$1,829.70 ",4/1/2019,,,$182.97 ,4/1/2019,,
E0621,,0,999,$70.64 ,4/1/2017,,,,,,
E0625,,0,999,$529.99 ,4/1/2017,,,$53.00 ,4/1/2017,,
E0625,U1,0,999,"$1,188.49 ",4/1/2017,,,,,,
E0625,U2,0,999,"$2,376.36 ",4/1/2013,,,,,,
E0625,U3,0,999,$0.00 ,4/1/2013,5,,,,,
E0627,,0,999,$165.67 ,1/1/2017,,,,,,
E0629,,0,999,$243.35 ,4/1/2017,,,,,,
E0630,,0,999,$852.38 ,4/1/2017,,,$85.24 ,4/1/2017,,
E0635,TG,0,20,$0.00 ,12/1/2008,P2,5,,,,
E0635,TG,21,999,$0.00 ,2/1/2011,5,,,,,
E0637,,0,999,"$3,271.83 ",4/1/2015,,,,,,
E0638,UA,0,999,"$2,302.31 ",4/1/2015,,,,,,
E0638,UB,0,999,"$2,595.30 ",4/1/2017,,,,,,
E0639,,0,999,$0.00 ,8/1/2019,5,,,,,
E0640,,0,999,$0.00 ,8/1/2019,5,,,,,
E0641,,0,999,"$2,588.49 ",4/1/2015,,,,,,
E0642,,0,20,"$3,337.40 ",4/1/2017,,,,,,
E0650,,0,999,$532.16 ,4/1/2013,,,$53.22 ,4/1/2015,,
E0651,,0,999,$887.19 ,4/1/2013,,,$88.72 ,4/1/2013,,
E0652,,0,999,"$4,170.41 ",4/1/2013,,,$417.04 ,4/1/2015,,
E0655,,0,999,$84.77 ,4/1/2013,,,$8.48 ,4/1/2013,,
E0660,,0,999,$120.92 ,4/1/2013,,,$12.09 ,4/1/2013,,
E0665,,0,999,$103.33 ,4/1/2013,,,$10.33 ,4/1/2013,,
E0666,,0,999,$98.84 ,4/1/2013,,,$9.88 ,4/1/2013,,
E0667,,0,999,$312.76 ,4/1/2013,,,$31.28 ,4/1/2015,,
E0668,,0,999,$399.35 ,4/1/2013,,,$39.94 ,4/1/2013,,
E0669,,0,999,$152.75 ,4/1/2013,,,$15.28 ,4/1/2013,,
E0670,,0,999,"$1,020.77 ",7/1/2013,,,$102.08 ,7/1/2013,,
E0671,,0,999,$364.48 ,4/1/2013,,,$36.45 ,4/1/2013,,
E0672,,0,999,$301.67 ,4/1/2013,,,$30.17 ,4/1/2013,,
E0673,,0,999,$235.33 ,4/1/2013,,,$23.53 ,4/1/2013,,
E0676,,0,999,$0.00 ,2/1/2011,5,,$0.00 ,2/1/2011,5,
E0700,,0,999,$33.96 ,4/1/2017,,,,,,
E0705,,0,999,$40.96 ,4/1/2017,,,,,,
E0710,,0,999,$31.80 ,4/1/2013,,,$3.18 ,4/1/2013,,
E0720,,0,999,$232.51 ,4/1/2019,,,$23.25 ,4/1/2019,,
E0730,,0,999,$237.38 ,4/1/2019,,,$23.74 ,4/1/2019,,
E0731,,0,999,$215.31 ,4/1/2019,,,$21.53 ,4/1/2019,,
E0736,,18,999,$85.32 ,3/1/2025,,,$8.53 ,3/1/2025,,
E0740,,0,999,$481.04 ,4/1/2013,,,,,,
E0745,,0,999,$823.49 ,4/1/2013,,,$82.35 ,4/1/2013,,
E0747,,0,999,"$3,602.78 ",4/1/2013,,,,,,
E0748,,0,999,"$3,579.44 ",4/1/2013,,,,,,
E0760,,0,999,"$2,974.45 ",4/1/2013,,,,,,
E0762,,0,999,$915.94 ,4/1/2013,,,$91.59 ,4/1/2015,,
E0764,,0,999,"$10,845.48 ",4/1/2013,,,"$1,084.55 ",4/1/2015,,
E0776,,0,999,$96.85 ,4/1/2017,,,$9.69 ,4/1/2017,,
E0779,,0,999,$153.74 ,4/1/2013,,,$15.37 ,4/1/2013,,
E0780,,0,999,$9.53 ,4/1/2013,,,$0.95 ,4/1/2013,,
E0781,,0,999,"$2,106.90 ",4/1/2013,,,$210.69 ,4/1/2013,,
E0782,,0,999,"$3,753.51 ",4/1/2013,,,,,,
E0783,,0,999,"$7,480.40 ",4/1/2013,,,,,,
E0784,,0,999,"$3,903.99 ",4/1/2017,,,$390.40 ,4/1/2017,,
E0784,U1,0,999,$827.10 ,4/1/2017,,,$82.71 ,4/1/2017,,
E0784,UD,0,999,"$4,914.10 ",9/1/2021,,,$491.41 ,9/1/2021,,
E0786,,0,999,"$5,571.34 ",4/1/2013,,,,,,
E0791,,0,999,"$2,284.76 ",4/1/2017,,,$228.48 ,4/1/2017,,
E0840,,0,999,$53.11 ,4/1/2013,,,$5.31 ,4/1/2015,,
E0850,,0,999,$82.50 ,4/1/2013,,,$8.25 ,4/1/2015,,
E0855,,0,999,$461.97 ,4/1/2013,,,$46.20 ,4/1/2015,,
E0856,,0,999,$150.95 ,4/1/2013,,,,,,
E0860,,0,999,$24.82 ,4/1/2013,,,$2.48 ,4/1/2015,,
E0880,,0,999,$89.85 ,4/1/2013,,,$8.99 ,4/1/2015,,
E0900,,0,999,$90.45 ,4/1/2013,,,$9.05 ,4/1/2015,,
E0910,,0,999,$165.33 ,4/1/2017,,,$16.53 ,4/1/2017,,
E0911,,0,999,$443.97 ,4/1/2017,,,$44.40 ,4/1/2017,,
E0912,,0,999,"$1,046.97 ",4/1/2017,,,$104.70 ,4/1/2017,,
E0920,,0,999,$445.74 ,4/1/2013,,,$44.57 ,4/1/2013,,
E0930,,0,999,$441.32 ,4/1/2013,,,$44.13 ,4/1/2013,,
E0940,,0,999,$254.98 ,4/1/2017,,,$25.50 ,4/1/2017,,
E0941,,0,999,$419.34 ,4/1/2013,,,$41.93 ,4/1/2013,,
E0942,,0,999,$18.62 ,4/1/2013,,,,,,
E0944,,0,999,$28.90 ,4/1/2013,,,,,,
E0945,,0,999,$24.45 ,4/1/2013,,,,,,
E0946,,0,999,$372.79 ,4/1/2013,,,$37.28 ,4/1/2013,,
E0950,,0,999,$148.97 ,4/1/2017,,,,,,
E0951,,0,999,$12.05 ,3/1/2012,,,,,,
E0952,,0,999,$12.58 ,3/1/2012,,,,,,
E0953,,0,999,$110.63 ,1/1/2018,,,,,,
E0954,,0,999,$201.32 ,1/1/2018,,,,,,
E0955,,0,999,$182.29 ,3/1/2012,,,,,,
E0956,,0,999,$93.92 ,4/1/2017,,,,,,
E0957,,0,999,$134.51 ,4/1/2013,,,,,,
E0958,,0,999,$400.47 ,4/1/2017,,,,,,
E0959,,0,999,$35.11 ,7/1/2013,,,$3.51 ,4/1/2019,,
E0960,,0,999,$88.72 ,4/1/2013,,,,,,
E0961,,0,999,$22.55 ,4/1/2017,,,,,,
E0967,,0,999,$63.08 ,4/1/2017,,,$6.31 ,4/1/2017,,
E0969,,0,20,$146.66 ,4/1/2013,,,,,,
E0970,,0,999,$39.63 ,4/1/2017,,,,,,
E0971,,0,999,$38.51 ,4/1/2017,,,,,,
E0973,,0,999,$68.33 ,3/1/2012,,,,,,
E0974,,0,999,$64.82 ,4/1/2017,,,,,,
E0978,,0,999,$35.40 ,3/1/2012,,,,,,
E0980,,0,999,$28.79 ,3/1/2012,,,,,,
E0981,,0,999,$37.19 ,4/1/2017,,,,,,
E0982,,0,999,$41.22 ,4/1/2017,,,,,,
E0986,,0,999,$0.00 ,6/1/2022,5,,,,,
E0990,,0,999,$124.59 ,1/1/2016,,,$12.46 ,1/1/2016,,
E0992,,0,999,$82.82 ,4/1/2013,,,,,,
E0994,,0,999,$13.24 ,3/1/2012,,,,,,
E0995,,0,999,$22.12 ,4/1/2013,,,,,,
E1002,,0,999,"$3,661.00 ",3/1/2012,,,,,,
E1003,,0,999,"$4,282.40 ",3/1/2012,,,,,,
E1004,,0,999,"$4,748.30 ",3/1/2012,,,,,,
E1005,,0,999,"$4,289.37 ",4/1/2017,,,,,,
E1006,,0,999,"$6,295.60 ",4/1/2013,,,,,,
E1007,,0,999,"$7,861.02 ",4/1/2013,,,,,,
E1008,,0,999,"$7,881.83 ",3/1/2012,,,,,,
E1009,,0,999,$0.00 ,5/1/2005,5,,,,,
E1010,,0,999,"$1,595.33 ",3/1/2012,,,,,,
E1011,,0,999,$0.00 ,5/1/2003,5,,,,,
E1012,,0,999,$926.15 ,1/1/2016,,,,,,
E1014,,0,999,$319.87 ,3/1/2012,,,,,,
E1015,,0,999,$101.31 ,4/1/2017,,,,,,
E1016,,0,999,$114.93 ,4/1/2017,,,,,,
E1017,,0,999,$0.00 ,4/1/2013,5,,,,,
E1018,,0,999,$0.00 ,5/1/2003,5,,,,,
E1020,,0,999,$204.67 ,4/1/2017,,,$20.47 ,4/1/2017,,
E1028,,0,999,$165.23 ,4/1/2017,,,,,,
E1029,,0,999,$326.14 ,3/1/2012,,,,,,
E1035,,0,20,"$4,424.10 ",4/1/2015,6,,,,,
E1035,TF,0,20,$0.00 ,4/1/2013,5,6,,,,
E1035,TG,0,20,$0.00 ,10/16/2003,5,6,,,,
E1050,,0,999,$731.71 ,4/1/2019,,,$73.17 ,4/1/2019,,
E1060,,0,999,"$1,069.90 ",4/1/2013,,,$106.99 ,4/1/2013,,
E1070,,0,999,$842.08 ,4/1/2013,,,$84.21 ,4/1/2013,,
E1083,,0,999,$489.65 ,4/1/2019,,,$48.96 ,4/1/2019,,
E1084,,0,999,$770.70 ,4/1/2013,,,$77.07 ,4/1/2013,,
E1085,,0,999,$569.53 ,4/1/2019,,,$56.95 ,4/1/2019,,
E1086,,0,999,$740.06 ,4/1/2019,,,$74.01 ,4/1/2019,,
E1087,,0,999,"$1,095.19 ",4/1/2013,,,$109.52 ,4/1/2013,,
E1088,,0,999,"$1,147.05 ",4/1/2013,,,$114.71 ,4/1/2013,,
E1089,,0,999,"$1,146.13 ",4/1/2019,,,$114.61 ,4/1/2019,,
E1090,,0,999,"$1,217.19 ",4/1/2019,,,$121.72 ,4/1/2019,,
E1092,,0,999,"$1,052.53 ",4/1/2013,,,$105.25 ,4/1/2013,,
E1093,,0,999,"$1,067.66 ",4/1/2013,,,$106.77 ,4/1/2013,,
E1100,,0,999,"$1,002.80 ",4/1/2013,,,$100.28 ,4/1/2013,,
E1110,,0,999,$982.01 ,4/1/2013,,,$98.20 ,4/1/2013,,
E1130,,0,999,$346.30 ,4/1/2019,,,$34.63 ,4/1/2019,,
E1140,,0,999,$411.22 ,4/1/2019,,,$41.12 ,4/1/2019,,
E1150,,0,999,$596.77 ,4/1/2019,,,$59.68 ,4/1/2019,,
E1160,,0,999,$509.31 ,4/1/2013,,,$50.93 ,4/1/2013,,
E1161,,0,999,"$2,422.78 ",3/1/2012,,,$242.28 ,4/1/2017,,
E1170,,0,999,$919.04 ,4/1/2013,,,$91.90 ,4/1/2013,,
E1171,,0,999,$824.77 ,4/1/2013,,,$82.48 ,4/1/2013,,
E1172,,0,999,$779.54 ,4/1/2013,,,$77.95 ,4/1/2013,,
E1180,,0,999,$922.56 ,4/1/2013,,,$92.26 ,4/1/2013,,
E1190,,0,999,"$1,028.84 ",4/1/2013,,,$102.88 ,4/1/2017,,
E1195,,0,999,$979.89 ,4/1/2013,,,$97.99 ,4/1/2019,,
E1200,,0,999,$692.89 ,4/1/2013,,,$69.29 ,4/1/2013,,
E1220,,0,999,$0.00 ,7/1/1997,5,,,,,
E1225,,0,999,$390.67 ,4/1/2017,,,$39.07 ,4/1/2017,,
E1226,,0,999,$481.92 ,4/1/2017,,,$48.19 ,4/1/2017,,
E1229,,0,999,$0.00 ,1/1/2005,5,,,,,
E1230,,0,999,"$1,353.82 ",4/1/2013,,,$135.38 ,4/1/2017,,
E1231,,0,999,$0.00 ,6/1/2022,5,,$0.00 ,6/1/2022,5,
E1232,,0,999,"$2,189.65 ",4/1/2013,,,$218.97 ,1/1/2016,,
E1233,,0,999,"$2,268.82 ",3/1/2012,,,$226.88 ,3/1/2012,,
E1234,,0,999,"$1,975.17 ",3/1/2012,,,$197.52 ,1/1/2016,,
E1235,,0,999,"$2,680.34 ",1/1/2016,,,$268.03 ,4/1/2019,,
E1236,,0,999,"$2,364.57 ",1/1/2016,,,$236.46 ,4/1/2019,,
E1237,,0,999,"$1,439.40 ",3/1/2012,,,$143.94 ,3/1/2012,,
E1238,,0,999,"$1,599.33 ",3/1/2012,,,$159.93 ,3/1/2012,,
E1239,,0,999,$0.00 ,1/1/2005,5,,,,,
E1240,,0,999,$764.25 ,4/1/2013,,,$76.43 ,4/1/2015,,
E1250,,0,999,$432.87 ,4/1/2019,,,$43.29 ,4/1/2019,,
E1260,,0,999,$777.07 ,4/1/2017,,,$77.71 ,4/1/2017,,
E1270,,0,999,$762.59 ,4/1/2013,,,$76.26 ,4/1/2013,,
E1280,,0,999,"$1,075.00 ",4/1/2013,,,$107.50 ,4/1/2013,,
E1285,,0,999,$999.66 ,4/1/2019,,,$99.97 ,4/1/2019,,
E1290,,0,999,"$1,280.08 ",4/1/2019,,,$128.01 ,4/1/2019,,
E1295,,0,999,"$1,113.60 ",7/1/1997,,,$111.36 ,4/1/2017,,
E1296,,0,999,$384.49 ,4/1/2013,,,,,,
E1297,,0,999,$81.81 ,4/1/2013,,,,,,
E1298,,0,999,$331.29 ,4/1/2013,,,,,,
E1300,,0,20,$170.00 ,4/1/2017,6,,$17.00 ,4/1/2017,6,
E1310,,0,20,"$2,074.39 ",4/1/2013,6,,,,,
E1353,,0,999,$27.37 ,4/1/2013,,,,,,
E1355,,0,999,$20.61 ,4/1/2013,,,$2.06 ,4/1/2013,,
E135F,,0,20,$0.00 ,4/1/2013,5,6,,,,
E1372,,0,999,$157.72 ,4/1/2019,,,,,,
E1399,,0,999,$0.00 ,4/1/2019,5,,$0.00 ,5/1/2003,5,
E1510,,0,20,"$9,928.69 ",4/1/2013,6,,$992.87 ,4/1/2013,6,
E1520,,0,20,$340.31 ,4/1/2017,6,,$34.03 ,4/1/2017,6,
E1530,,0,20,$489.67 ,4/1/2017,6,,,,,
E1540,,0,20,$22.50 ,4/1/2013,6,,$0.00 ,4/1/1990,5,6
E1550,,0,20,$274.08 ,4/1/2013,6,,$27.41 ,4/1/2013,6,
E1560,,0,20,$0.00 ,4/1/1990,5,6,$0.00 ,4/1/1990,5,6
E1570,,0,20,$556.28 ,4/1/2015,6,,$55.63 ,4/1/2015,6,
E1575,,0,20,$1.81 ,4/1/2019,,,$0.18 ,4/1/2019,,
E1580,,0,20,$0.00 ,4/1/1990,5,6,$0.00 ,4/1/1990,5,6
E1590,,0,20,$0.00 ,4/1/1990,5,6,$284.20 ,4/1/2013,6,
E1592,,0,20,$0.00 ,4/1/1990,5,6,$0.00 ,4/1/1990,5,6
E1594,,0,20,"$6,020.48 ",4/1/2013,6,,$602.05 ,4/1/2013,6,
E1620,,0,20,"$1,719.65 ",4/1/2013,6,,$171.97 ,4/1/2015,6,
E1630,,0,20,$0.00 ,4/1/1990,5,6,$0.00 ,4/1/1990,5,6
E1632,,0,20,$0.00 ,4/1/1990,5,6,$0.00 ,4/1/1990,5,6
E1635,,0,20,$0.00 ,4/1/1990,5,6,$616.30 ,4/1/2013,6,
E1637,,0,20,$3.92 ,4/1/2013,6,,,,,
E1639,,0,20,$252.47 ,4/1/2015,6,,$25.25 ,4/1/2015,6,
E168F,,0,999,$319.26 ,4/1/2013,,,,,,
E1699,,0,20,$0.00 ,4/1/1990,5,6,$0.00 ,4/1/1990,5,6
E1800,,0,20,"$1,026.35 ",4/1/2013,6,,$102.64 ,4/1/2013,6,
E1801,,0,20,"$1,327.41 ",4/1/2013,6,,$132.74 ,4/1/2015,,
E1802,,0,20,"$3,156.89 ",4/1/2013,6,,$315.69 ,4/1/2013,6,
E1803,,0,20,"$1,447.29 ",1/1/2025,,,$144.73 ,1/1/2025,,
E1804,,0,20,"$1,447.29 ",1/1/2025,,,$144.73 ,1/1/2025,,
E1805,,0,20,"$1,037.39 ",4/1/2013,6,,$103.74 ,4/1/2013,6,
E1806,,0,20,$974.37 ,4/1/2013,6,,$97.44 ,4/1/2015,,
E1807,,0,20,"$1,463.09 ",1/1/2025,,,$146.31 ,1/1/2025,,
E1808,,0,20,"$1,463.09 ",1/1/2025,,,$146.31 ,1/1/2025,,
E1810,,0,20,"$1,040.43 ",4/1/2013,6,,$104.04 ,4/1/2013,6,
E1811,,0,20,"$1,314.38 ",4/1/2013,6,,$131.44 ,4/1/2015,,
E1812,,0,20,$842.70 ,4/1/2013,6,,$84.27 ,4/1/2013,6,
E1813,,0,20,"$1,467.28 ",1/1/2025,,,$146.73 ,1/1/2025,,
E1814,,0,20,"$1,467.28 ",1/1/2025,,,$146.73 ,1/1/2025,,
E1815,,0,20,"$1,040.43 ",4/1/2013,6,,$104.04 ,4/1/2013,6,
E1816,,0,20,"$1,335.15 ",4/1/2013,6,,$133.52 ,4/1/2015,,
E1818,,0,20,"$1,363.08 ",4/1/2013,6,,$136.31 ,4/1/2015,,
E1820,,0,20,$69.78 ,4/1/2013,6,,$6.98 ,4/1/2015,6,
E1821,,0,20,$108.30 ,4/1/2013,6,,,,,
E1822,,0,20,"$1,467.28 ",1/1/2025,,,$146.73 ,1/1/2025,,
E1823,,0,20,"$1,467.28 ",1/1/2025,,,$146.73 ,1/1/2025,,
E1825,,0,20,"$1,037.39 ",4/1/2013,6,,$103.74 ,4/1/2013,6,
E1826,,0,20,"$1,463.09 ",1/1/2025,,,$146.31 ,1/1/2025,,
E1827,,0,20,"$1,463.09 ",1/1/2025,,,$146.31 ,1/1/2025,,
E1828,,0,20,"$1,463.09 ",1/1/2025,,,$146.31 ,1/1/2025,,
E1829,,0,20,"$1,463.09 ",1/1/2025,,,$146.31 ,1/1/2025,,
E1830,,0,20,"$1,037.39 ",4/1/2013,6,,$103.74 ,4/1/2013,6,
E1840,,0,20,"$3,697.02 ",4/1/2013,6,,$369.70 ,4/1/2013,6,
E1841,,0,999,"$3,678.45 ",7/1/2013,,,$367.85 ,4/1/2015,,
E2100,,0,999,$312.80 ,4/1/2013,HP,,,,,
E2101,,0,999,$173.48 ,4/1/2013,,,,,,
E2102,,0,999,$223.23 ,1/1/2023,,,,,,
E2103,,0,999,$231.96 ,1/1/2023,,,,,,
E2103,KF,0,999,$257.50 ,1/1/2023,,,,,,
E2201,,0,999,$363.85 ,3/1/2012,,,,,,
E2202,,0,999,$462.23 ,4/1/2013,,,,,,
E2203,,0,999,$431.91 ,4/1/2013,,,,,,
E2204,,0,999,$651.05 ,3/1/2012,,,,,,
E2205,,0,999,$33.45 ,3/1/2012,,,,,,
E2206,,0,999,$41.65 ,3/1/2012,,,,,,
E2207,,0,999,$42.25 ,4/1/2013,,,$4.23 ,3/1/2012,,
E2208,,0,999,$105.58 ,4/1/2017,,,$10.56 ,4/1/2017,,
E2209,,0,999,$104.51 ,3/1/2012,,,$10.45 ,1/1/2016,,
E2210,,0,999,$6.39 ,3/1/2012,,,,,,
E2211,,0,999,$28.51 ,3/1/2012,,,,,,
E2212,,0,999,$5.73 ,3/1/2012,,,,,,
E2213,,0,999,$28.51 ,3/1/2012,,,,,,
E2214,,0,999,$29.84 ,3/1/2012,,,,,,
E2215,,0,999,$8.41 ,4/1/2017,,,,,,
E2216,,0,999,$0.00 ,1/1/2016,5,,,,,
E2217,,0,999,$0.00 ,1/1/2016,5,,,,,
E2218,,0,999,$38.00 ,4/1/2019,,,,,,
E2219,,0,999,$32.07 ,3/1/2012,,,,,,
E2220,,0,999,$23.64 ,3/1/2012,,,,,,
E2221,,0,999,$24.92 ,3/1/2012,,,,,,
E2222,,0,999,$18.54 ,4/1/2017,,,,,,
E2224,,0,999,$78.37 ,4/1/2017,,,,,,
E2225,,0,999,$16.36 ,4/1/2017,,,,,,
E2226,,0,999,$34.90 ,4/1/2017,,,,,,
E2227,,0,999,"$1,530.22 ",3/1/2012,,,,,,
E2228,,0,999,$913.04 ,3/1/2012,,,,,,
E2291,,0,999,$0.00 ,1/1/2005,5,,,,,
E2292,,0,999,$0.00 ,1/1/2005,5,,,,,
E2293,,0,999,$0.00 ,1/1/2005,5,,,,,
E2294,,0,999,$0.00 ,1/1/2005,5,,,,,
E2298,,0,999,"$2,000.30 ",3/1/2025,,,$200.03 ,3/1/2025,,
E2310,,0,999,"$1,141.22 ",3/1/2012,,,,,,
E2311,,0,999,"$2,136.07 ",3/1/2012,,,,,,
E2312,,0,999,"$1,891.09 ",3/1/2012,,,$189.11 ,4/1/2013,,
E2312,KC,0,999,"$2,411.85 ",3/1/2012,,,$241.19 ,4/1/2013,,
E2313,,0,999,$300.29 ,4/1/2013,,,,,,
E2321,,0,999,"$1,719.28 ",3/1/2012,,,,,,
E2321,KC,0,999,"$1,819.09 ",4/1/2019,,,,,,
E2323,,0,999,$63.04 ,3/1/2012,,,,,,
E2324,,0,999,$43.39 ,3/1/2012,,,,,,
E2325,,0,999,"$1,313.43 ",4/1/2013,,,,,,
E2326,,0,999,$311.67 ,3/1/2012,,,,,,
E2327,,0,999,"$2,248.95 ",3/1/2012,,,,,,
E2328,,0,999,"$3,781.16 ",3/1/2012,,,,,,
E2329,,0,999,"$2,181.89 ",3/1/2012,,,,,,
E2330,,0,999,"$3,250.60 ",4/1/2013,,,,,,
E2340,,0,999,$306.43 ,4/1/2013,,,,,,
E2341,,0,999,$451.49 ,3/1/2012,,,,,,
E2342,,0,999,$436.92 ,3/1/2012,,,,,,
E2343,,0,999,$733.96 ,4/1/2013,,,,,,
E2351,,0,999,$681.30 ,3/1/2012,,,,,,
E2359,,0,999,$171.07 ,4/1/2017,,,,,,
E2361,,0,999,$151.41 ,3/1/2012,,,,,,
E2363,,0,999,$196.79 ,3/1/2012,,,,,,
E2366,,0,999,$237.68 ,3/1/2012,,,,,,
E2368,,0,999,$455.91 ,3/1/2012,,,,,,
E2369,,0,999,$397.10 ,3/1/2012,,,,,,
E2370,,0,999,$854.42 ,3/1/2012,,,,,,
E2371,,0,999,$167.31 ,1/1/2016,,,,,,
E2373,,0,999,"$1,179.92 ",4/1/2013,,,,,,
E2373,KC,0,999,"$1,067.83 ",3/1/2012,,,,,,
E2374,,0,999,$520.78 ,3/1/2012,,,,,,
E2375,,0,999,$835.33 ,4/1/2013,,,,,,
E2376,,0,999,"$1,259.56 ",3/1/2012,,,,,,
E2377,,0,999,$473.66 ,3/1/2012,,,,,,
E2378,,0,999,$511.76 ,4/1/2017,,,$51.18 ,4/1/2017,,
E2381,,0,999,$57.47 ,3/1/2012,,,,,,
E2382,,0,999,$20.26 ,3/1/2012,,,,,,
E2383,,0,999,$113.88 ,3/1/2012,,,,,,
E2384,,0,999,$60.67 ,3/1/2012,,,,,,
E2385,,0,999,$48.27 ,3/1/2012,,,,,,
E2386,,0,999,$121.69 ,4/1/2017,,,,,,
E2387,,0,999,$58.55 ,3/1/2012,,,,,,
E2388,,0,999,$49.14 ,3/1/2012,,,,,,
E2389,,0,999,$26.68 ,3/1/2012,,,,,,
E2390,,0,999,$41.73 ,3/1/2012,,,,,,
E2391,,0,999,$19.99 ,3/1/2012,,,,,,
E2392,,0,999,$52.54 ,3/1/2012,,,,,,
E2394,,0,999,$74.85 ,3/1/2012,,,,,,
E2395,,0,999,$53.20 ,3/1/2012,,,,,,
E2396,,0,999,$44.74 ,3/1/2012,,,,,,
E2398,,0,999,$74.03 ,1/1/2020,,,,,,
E2500,,0,999,$344.20 ,4/1/2013,,,$34.42 ,4/1/2013,,
E2502,,0,999,"$1,155.14 ",4/1/2013,,,$115.51 ,4/1/2015,,
E2504,,0,999,"$1,545.87 ",4/1/2013,,,$154.59 ,4/1/2015,,
E2506,,0,999,"$2,127.92 ",4/1/2013,,,$212.79 ,4/1/2013,,
E2508,,0,999,"$3,290.48 ",4/1/2013,,,$329.05 ,4/1/2015,,
E2510,,0,999,"$6,226.79 ",4/1/2013,,,$622.68 ,4/1/2015,,
E2511,,0,999,$408.29 ,4/1/2019,,,,,,
E2512,,0,999,$0.00 ,7/1/2004,5,,$116.28 ,4/1/2017,,
E2599,,0,999,$0.00 ,7/1/2004,5,,$0.00 ,7/1/2004,5,
E2599,U1,0,999,$246.01 ,4/1/2019,,,,,,
E2601,,0,999,$53.98 ,3/1/2012,,,,,,
E2602,,0,999,$0.00 ,1/1/2005,5,,,,,
E2603,,0,999,$0.00 ,1/1/2005,5,,,,,
E2604,,0,999,$0.00 ,1/1/2005,5,,,,,
E2605,,0,999,$0.00 ,1/1/2005,5,,,,,
E2606,,0,999,$0.00 ,1/1/2005,5,,,,,
E2607,,0,999,$0.00 ,1/1/2005,5,,,,,
E2608,,0,999,$0.00 ,1/1/2005,5,,,,,
E2609,,0,999,$0.00 ,1/1/2005,5,,,,,
E2611,,0,999,$0.00 ,1/1/2005,5,,,,,
E2612,,0,999,$0.00 ,1/1/2005,5,,,,,
E2613,,0,999,$0.00 ,1/1/2005,5,,,,,
E2614,,0,999,$0.00 ,1/1/2005,5,,,,,
E2615,,0,999,$0.00 ,1/1/2005,5,,,,,
E2616,,0,999,$0.00 ,1/1/2005,5,,,,,
E2617,,0,999,$0.00 ,1/1/2005,5,,,,,
E2619,,0,999,$0.00 ,1/1/2005,5,,,,,
E2620,,0,999,$0.00 ,1/1/2005,5,,,,,
E2621,,0,999,$507.26 ,3/1/2012,,,,,,
E2622,,0,999,$323.25 ,3/1/2012,,,,,,
E2623,,0,999,$411.32 ,3/1/2012,,,,,,
E2624,,0,999,$325.89 ,4/1/2013,,,,,,
E2625,,0,999,$374.84 ,4/1/2017,,,,,,
E2626,,0,20,$567.09 ,4/1/2017,6,,,,,
E2627,,0,20,$839.65 ,4/1/2017,6,,,,,
E2628,,0,20,$714.04 ,4/1/2017,6,,,,,
E2629,,0,20,$945.56 ,4/1/2017,6,,,,,
E2630,,0,20,$572.95 ,4/1/2017,6,,,,,
E2631,,0,20,$245.90 ,4/1/2017,6,,,,,
E2632,,0,20,$155.69 ,4/1/2017,6,,,,,
E2633,,0,20,$129.10 ,4/1/2017,6,,,,,
E8001,,0,999,$0.00 ,1/1/2005,5,,$0.00 ,1/1/2005,5,
K0001,,0,999,$432.52 ,7/1/2013,,,$43.25 ,7/1/2013,,
K0002,,0,999,$664.42 ,7/1/2013,,,$66.44 ,7/1/2013,,
K0003,,0,999,$727.58 ,7/1/2013,,,$69.95 ,1/1/2020,,
K0004,,0,999,"$1,085.18 ",7/1/2013,,,$108.52 ,7/1/2013,,
K0005,,0,999,"$2,001.69 ",7/1/2013,,,$200.15 ,7/1/2013,,
K0006,,0,999,"$1,018.42 ",7/1/2013,,,$101.84 ,7/1/2013,,
K0007,,0,999,"$1,449.45 ",7/1/2013,,,$144.94 ,7/1/2013,,
K0008,,0,999,$0.00 ,6/1/2022,5,,$0.00 ,6/1/2022,5,
K0009,,0,999,$0.00 ,6/1/2022,5,,$0.00 ,6/1/2022,5,
K0010,,0,999,"$3,331.23 ",1/1/2020,,,$333.12 ,1/1/2020,,
K0011,,0,999,"$4,712.98 ",1/1/2020,,,$471.30 ,1/1/2020,,
K0012,,0,999,"$3,076.01 ",1/1/2020,,,$307.60 ,1/1/2020,,
K0013,,0,20,$0.00 ,4/1/2014,5,,$0.00 ,4/1/2014,5,
K0015,,0,999,$196.73 ,7/1/2013,,,,,,
K0017,,0,999,$48.39 ,1/1/2020,,,,,,
K0018,,0,999,$27.19 ,1/1/2020,,,,,,
K0019,,0,999,$15.08 ,1/1/2020,,,,,,
K0020,,0,999,$45.62 ,1/1/2020,,,,,,
K0037,,0,999,$45.57 ,1/1/2020,,,,,,
K0038,,0,999,$23.56 ,1/1/2020,,,,,,
K0039,,0,999,$51.45 ,1/1/2020,,,,,,
K0040,,0,999,$64.51 ,1/1/2020,,,,,,
K0041,,0,999,$49.88 ,1/1/2020,,,,,,
K0042,,0,999,$33.25 ,1/1/2020,,,,,,
K0043,,0,999,$19.05 ,1/1/2020,,,,,,
K0044,,0,999,$16.41 ,1/1/2020,,,,,,
K0045,,0,999,$54.90 ,1/1/2020,,,,,,
K0046,,0,999,$19.11 ,1/1/2020,,,$1.91 ,1/1/2020,,
K0047,,0,999,$71.26 ,1/1/2020,,,$7.13 ,1/1/2020,,
K0050,,0,999,$31.58 ,1/1/2020,,,,,,
K0051,,0,999,$50.55 ,1/1/2020,,,,,,
K0052,,0,999,$83.04 ,1/1/2020,,,,,,
K0053,,0,999,$94.86 ,1/1/2020,,,$9.48 ,1/1/2020,,
K0056,,0,999,$77.23 ,7/1/2013,,,,,,
K0065,,0,999,$36.10 ,7/1/2013,,,$3.61 ,4/1/2014,,
K0069,,0,999,$81.15 ,7/1/2013,,,,,,
K0070,,0,999,$148.73 ,7/1/2013,,,,,,
K0071,,0,999,$88.72 ,7/1/2013,,,,,,
K0072,,0,999,$53.41 ,7/1/2013,,,,,,
K0073,,0,999,$27.17 ,7/1/2013,,,,,,
K0077,,0,999,$47.79 ,7/1/2013,,,,,,
K0098,,0,999,$25.70 ,1/1/2020,,,,,,
K0105,,0,999,$80.74 ,7/1/2013,,,$8.07 ,4/1/2014,,
K0108,,0,999,$0.00 ,5/1/2003,5,,,,,
K0195,,0,999,$147.53 ,7/1/2013,,,$14.75 ,4/1/2014,,
K0669,,0,999,$73.55 ,7/1/2013,,,,,,
K0730,,0,999,"$1,586.10 ",1/1/2020,,,,,,
K0733,,0,999,$29.46 ,3/1/2012,,,,,,
K0800,,0,999,"$1,082.89 ",1/1/2020,,,$108.30 ,1/1/2020,,
K0801,,0,999,"$1,841.43 ",1/1/2020,,,$184.14 ,1/1/2020,,
K0802,,0,999,"$2,246.11 ",1/1/2020,,,$224.61 ,1/1/2020,,
K0813,,0,999,"$2,352.57 ",3/1/2012,,,$235.26 ,3/1/2012,,
K0814,,0,999,"$3,011.23 ",3/1/2012,,,$301.12 ,3/1/2012,,
K0815,,0,999,"$3,429.01 ",3/1/2012,,,$342.91 ,3/1/2012,,
K0816,,0,999,"$3,283.99 ",3/1/2012,,,$328.39 ,3/1/2012,,
K0820,,0,999,"$2,512.88 ",3/1/2012,,,$251.27 ,3/1/2012,,
K0821,,0,999,"$3,157.20 ",3/1/2012,,,$315.72 ,3/1/2012,,
K0822,,0,999,"$2,963.22 ",1/1/2020,,,$296.32 ,1/1/2020,,
K0823,,0,999,"$2,904.46 ",1/1/2020,,,$290.45 ,1/1/2020,,
K0824,,0,999,"$4,009.76 ",3/1/2012,,,$400.98 ,1/1/2020,,
K0825,,0,999,"$3,512.60 ",1/1/2020,,,$351.26 ,1/1/2020,,
K0826,,0,999,"$6,143.91 ",3/1/2012,,,$614.39 ,1/1/2020,,
K0827,,0,999,"$5,198.70 ",3/1/2012,,,$519.87 ,3/1/2012,,
K0828,,0,999,"$6,736.87 ",3/1/2012,,,$673.68 ,3/1/2012,,
K0829,,0,999,"$6,186.37 ",3/1/2012,,,$618.64 ,3/1/2012,,
K0835,,0,999,"$4,029.82 ",3/1/2012,,,$402.98 ,3/1/2012,,
K0836,,0,999,"$4,103.15 ",3/1/2012,,,$410.32 ,3/1/2012,,
K0837,,0,999,"$4,722.60 ",3/1/2012,,,$472.26 ,3/1/2012,,
K0838,,0,999,"$4,263.77 ",3/1/2012,,,$426.37 ,3/1/2012,,
K0839,,0,999,"$6,113.83 ",3/1/2012,,,$611.39 ,3/1/2012,,
K0840,,0,999,"$9,262.75 ",3/1/2012,,,$926.27 ,3/1/2012,,
K0841,,0,999,"$4,211.50 ",3/1/2012,,,$421.15 ,3/1/2012,,
K0842,,0,999,"$4,211.50 ",3/1/2012,,,$421.15 ,3/1/2012,,
K0843,,0,999,"$5,070.65 ",3/1/2012,,,$507.06 ,3/1/2012,,
K0848,,0,999,"$5,113.10 ",1/1/2020,,,$511.31 ,1/1/2020,,
K0849,,0,999,"$4,954.69 ",3/1/2012,,,$495.47 ,3/1/2012,,
K0850,,0,999,"$5,987.63 ",3/1/2012,,,$598.76 ,3/1/2012,,
K0851,,0,999,"$5,702.58 ",1/1/2020,,,$570.26 ,1/1/2020,,
K0852,,0,999,"$6,906.95 ",3/1/2012,,,$690.70 ,3/1/2012,,
K0853,,0,999,"$7,095.16 ",3/1/2012,,,$709.52 ,3/1/2012,,
K0854,,0,999,"$9,399.56 ",3/1/2012,,,$939.96 ,3/1/2012,,
K0855,,0,999,"$8,879.29 ",3/1/2012,,,$887.93 ,3/1/2012,,
K0856,,0,999,"$5,558.85 ",3/1/2012,,,$555.89 ,1/1/2020,,
K0857,,0,999,"$5,642.51 ",3/1/2012,,,$564.25 ,3/1/2012,,
K0858,,0,999,"$6,863.07 ",3/1/2012,,,$686.31 ,3/1/2012,,
K0859,,0,999,"$6,494.02 ",1/1/2020,,,$649.40 ,1/1/2020,,
K0860,,0,999,"$9,804.76 ",3/1/2012,,,$980.48 ,3/1/2012,,
K0861,,0,999,"$5,496.99 ",1/1/2020,,,$549.70 ,1/1/2020,,
K0862,,0,999,"$6,863.07 ",3/1/2012,,,$686.31 ,3/1/2012,,
K0863,,0,999,"$9,804.76 ",3/1/2012,,,$980.48 ,3/1/2012,,
K0864,,0,999,"$11,667.78 ",3/1/2012,,,"$1,166.77 ",3/1/2012,,
K0868,,0,999,$0.00 ,12/1/2006,5,,$0.00 ,3/1/2012,5,
K0869,,0,999,$0.00 ,10/1/2009,5,,$325.88 ,9/1/2022,,
K0870,,0,999,$0.00 ,10/1/2009,5,,$0.00 ,10/1/2009,5,
K0871,,0,999,$0.00 ,10/1/2009,5,,$0.00 ,10/1/2009,5,
K0877,,0,999,$0.00 ,3/1/2012,5,,$325.88 ,9/1/2022,,
K0878,,0,999,$0.00 ,10/1/2009,5,,$0.00 ,10/1/2009,5,
K0879,,0,999,$0.00 ,3/1/2012,5,,$529.74 ,3/1/2012,,
K0880,,0,999,$0.00 ,10/1/2009,5,,$824.92 ,3/1/2012,,
K0884,,0,999,$0.00 ,3/1/2012,5,,$0.00 ,3/1/2012,5,
K0885,,0,999,"$5,889.23 ",3/1/2012,,,$588.93 ,3/1/2012,,
K0886,,0,999,$0.00 ,10/1/2009,5,,$543.92 ,3/1/2012,,
K0890,,0,999,"$8,461.70 ",1/1/2020,,,$846.17 ,1/1/2020,,
K0891,,0,999,"$10,981.85 ",3/1/2012,,,"$1,098.19 ",1/1/2020,,
K0898,,0,999,$0.00 ,10/1/2009,5,,$0.00 ,10/1/2009,5,
K0899,,0,999,$0.00 ,10/1/2009,5,,$0.00 ,10/1/2009,5,
K0900,,0,999,$0.00 ,4/1/2014,5,,$0.00 ,4/1/2014,5,
K1030,,1,999,"$1,374.86 ",9/1/2022,,,,,,
L1320,,0,20,"$3,785.98 ",3/1/2025,,,,,,
L3161,,0,20,$76.91 ,1/1/2024,,,,,,
L8614,,1,999,"$19,316.01 ",3/1/2021,,,,,,
L8625,,0,999,$184.65 ,4/1/2019,,,,,,
L8681,,0,999,$926.72 ,1/1/2008,,,,,,
L8682,,0,999,"$5,178.47 ",1/1/2008,,,,,,
L8683,,0,999,"$4,558.23 ",1/1/2008,,,,,,
L8684,,0,999,$670.64 ,1/1/2008,,,,,,
L8685,,0,999,"$11,894.56 ",3/1/2021,,,,,,
L8686,,0,999,"$6,885.47 ",10/1/2016,,,,,,
L8686,TG,0,999,"$16,249.63 ",3/1/2023,,,,,,
L8687,,0,999,"$14,096.73 ",3/1/2021,,,,,,
L8688,,0,999,"$9,831.68 ",3/1/2021,,,,,,
L8689,,0,999,"$1,498.34 ",1/1/2008,,,,,,
L8690,,5,999,"$4,338.80 ",7/1/2010,,,,,,
L8691,,5,999,"$1,683.65 ",10/1/2018,,,,,,
L8692,,0,999,"$3,080.41 ",3/1/2021,,,,,,
L8693,,5,999,"$1,414.77 ",10/1/2012,,,,,,
L8694,,5,999,$923.29 ,4/1/2019,,,,,,
L8695,,0,999,$11.86 ,10/1/2014,,,,,,
Q0477,,0,20,$379.25 ,4/1/2019,6,,,,,
Q0480,,0,20,"$77,927.47 ",1/1/2016,6,,,,,
Q0481,,0,20,"$12,572.70 ",1/1/2016,6,,,,,
Q0482,,0,20,"$3,938.00 ",1/1/2016,6,,,,,
Q0483,,0,20,"$17,280.81 ",1/1/2016,6,,,,,
Q0484,,0,20,"$3,355.87 ",1/1/2016,6,,,,,
Q0485,,0,20,$324.02 ,1/1/2016,6,,,,,
Q0486,,0,20,$269.66 ,1/1/2016,6,,,,,
Q0487,,0,20,$314.62 ,1/1/2016,6,,,,,
Q0488,,0,20,"$12,054.00 ",1/1/2016,6,,,,,
Q0489,,0,20,"$14,064.31 ",1/1/2016,6,,,,,
Q0490,,0,20,$648.04 ,1/1/2016,6,,,,,
Q0491,,0,20,"$1,018.76 ",1/1/2016,6,,,,,
Q0492,,0,20,$82.09 ,1/1/2016,6,,,,,
Q0493,,0,20,$233.68 ,1/1/2016,6,,,,,
Q0494,,0,20,$197.73 ,1/1/2016,6,,,,,
Q0495,,0,20,"$3,614.17 ",1/1/2016,6,,,,,
Q0496,,0,20,"$1,297.16 ",1/1/2016,6,,,,,
Q0497,,0,20,$405.04 ,1/1/2016,6,,,,,
Q0498,,0,20,$473.40 ,1/1/2016,6,,,,,
Q0499,,0,20,$153.82 ,1/1/2016,6,,,,,
Q0500,,0,20,$26.42 ,1/1/2016,6,,,,,
Q0501,,0,20,$441.89 ,1/1/2016,6,,,,,
Q0502,,0,20,$599.24 ,1/1/2016,6,,,,,
Q0503,,0,20,"$1,198.54 ",1/1/2016,6,,,,,
Q0504,,0,20,$632.41 ,1/1/2016,6,,,,,
Q0507,,0,999,$0.00 ,7/1/2013,5,,,,,
Q0508,,0,999,$0.00 ,7/1/2013,5,,,,,
S8185,,0,999,$44.69 ,9/1/2021,,,,,,
S8189,,0,999,$0.00 ,5/1/2003,5,,,,,
S8270,,5,20,$52.95 ,9/1/2023,6,,,,,
S8999,,0,999,$152.15 ,4/1/2019,,,,,,
